CVE ID,Hash value,CWE ID,Software,Type of patch statements,Patch statement function,Critical variables,Vulnerability-triggered function,Vulnerability-triggered line numbers,Vulnerability-triggered statements,Type of vulnerability-triggered statements,List of functions from to-be-patched function to vulnerability-triggered function,Cross-function or not,Type of cross-function vulnerabilities,The number of cross-function layers
CVE-2014-9658,f70d9342e65cd2cb44e9f26b6d7edeedf191fc6c,CWE-125,freetype2,P-10;,tt_face_load_kern,"[""length""]",tt_face_load_kern,98,"[""p+= 2;""]",T-3;,tt_face_load_kern,No,None,1
CVE-2014-9659,2cdc4562f873237f1c77d43540537c7a721d3fd8,CWE-119,freetype2,"P-9;
P-10;
P-11;",cf2_interpT2CharString,"[""hintMask"", ""opStack""]",cf2_stack_getReal,189,"[""cf2_intToFixed(stack->buffer[idx].u.i);""]",T-2;,"cf2_interpT2CharString
cf2_doStems
cf2_stack_getReal",Yes,caller type,3
CVE-2014-9660,af8346172a7b573715134f7a51e6c5c60fa7f2ab,CWE-476,freetype2,"P-1;
P-3;
P-9;
P-11;",_bdf_parse_glyphs,"[""p"", ""flags""]",_bdf_parse_glyphs,1564,"[""p->flags&= ~_BDF_START;""]",T-14;,_bdf_parse_glyphs,No,None,1
CVE-2014-9662,5f201ab5c24cb69bc96b724fd66e739928d6c5e2,CWE-119,freetype2,"P-1;
P-5;
P-9;
P-11;","cf2_builder_lineTo
cf2_builder_cubeTo","[""builder"", ""params"", ""pt0"", ""x"", ""y""]",cff_builder_add_point,552,"[""outline->n_points++;""]",T-3;,"cf2_builder_cubeTo
cff_builder_start_point
cff_builder_add_point",Yes,caller type,3
CVE-2014-9663,9bd20b7304aae61de5d50ac359cf27132bafd4c1,CWE-119,freetype2,"P-10;
P-11;",tt_cmap4_validate,"[""length""]",tt_cmap4_validate,862,"[""num_segs= TT_NEXT_USHORT(p);""]",T-1;,tt_cmap4_validate,No,None,1
CVE-2014-9664,73be9f9ab67842cfbec36ee99e8d2301434c84ca,CWE-119,freetype2,"P-1;
P-9;
P-11;",parse_charstrings,"[""parser"", ""root"", ""cursor""]",parse_charstrings,1602,"[""if (* cur= == ' / ');""]",T-3;,parse_charstrings,No,None,1
CVE-2007-6151,eafe1aa37e6ec2d56f14732b5240c4dd09f0613a,CWE-119,linux,P-1;,isdn_ioctl,"[""iocts"", ""drvid""]",isdn_ioctl,"[1523, 1605, 1681]","[""if (!(strcmp(dev->drvid[i], iocts.drvid))) {;"", ""if (!(strcmp(dev->drvid[i], iocts.drvid))) {;"", ""if (!(strcmp(dev->drvid[i], iocts.drvid))) {;""]",T-1;,isdn_ioctl,No,None,1
CVE-2007-6761,0b29669c065f60501e7289e1950fa2a618962358,CWE-119,linux,"P-2;
P-4;","videobuf_vm_open
videobuf_vm_close
__videobuf_mmap_mapper","[""map""]",__videobuf_mmap_mapper,253,"[""memcpy(mem->vma, vma, sizeof (* vma));""]",T-1;,__videobuf_mmap_mapper,No,None,1
CVE-2008-3911,27df6f25ff218072e0e879a96beeb398a79cdbc8,CWE-119,linux,"P-1;
P-2;
P-6;
P-9;",proc_do_xprt,"[""len""]",proc_do_xprt,75,"[""if (__copy_to_user(buffer, tmpbuf, len));""]",T-1;,proc_do_xprt,No,None,1
CVE-2009-0787,8faece5f906725c10e7a1f6caf84452abadbdc7b,CWE-189,linux,"P-1;
P-2;
P-4;
P-5;
P-7;","ecryptfs_write_metadata_to_contents
ecryptfs_write_metadata_to_xattr
ecryptfs_write_metadata","[""virt""]",ecryptfs_write_lower,53,"[""octets_written= vfs_write(inode_info->lower_file, data, size, & inode_info->lower_file->f_pos);""]",T-1;,"ecryptfs_write_metadata
ecryptfs_write_metadata_to_contents
ecryptfs_write_lower",Yes,caller type,3
CVE-2009-1298,bbf31bf18d34caa87dd01f08bf713635593697f2,CWE-119,linux,P-4;,ip_frag_reasm,"[""dev""]",ip_defrag,591,"[""spin_unlock(& qp->q.lock);""]",T-14;,"ip_frag_reasm
ip_frag_queue
ip_defrag",Yes,callee type,3
CVE-2009-1385,ea30e11970a96cfe5e32c03a29332554573b4a10,CWE-189,linux,P-10;,e1000_clean_rx_irq,"[""length""]",e1000_clean_rx_irq,4041,"[""last_byte= * (skb->data + length - 1);""]",T-3;,e1000_clean_rx_irq,No,None,1
CVE-2009-1389,fdd7b4c3302c93f6833e338903ea77245eb510b4,CWE-119,linux,"P-4;
P-8;","rtl_set_rx_max_size
rtl_hw_start_8169
rtl_hw_start_8168
rtl_hw_start_8101","[""tp"", ""rx_buf_sz""]",rtl_set_rx_max_size,2363,"[""RTL_W16(RxMaxSize, 16383);""]",T-1;,"rtl_hw_start_8169
rtl_set_rx_max_size",Yes,caller type,2
CVE-2009-1897,3c8a9c63d5fd738c261bd0ceece04d9c8357ca13,CWE-119,linux,P-2;,tun_chr_poll,"[""sk""]",tun_chr_poll,489,"[""struct sock * sk= tun->sk;""]",T-14;,tun_chr_poll,No,None,1
CVE-2009-2406,6352a29305373ae6196491e6d4669f301e26492e,CWE-119,linux,"P-1;
P-3;
P-9;
P-11;",parse_tag_11_packet,"[""tag_11_contents_size""]",parse_tag_11_packet,1463,"[""memcpy(contents, & data[(* packet_size)], (* tag_11_contents_size));""]",T-1;,parse_tag_11_packet,No,None,1
CVE-2009-2407,f151cd2c54ddc7714e2f740681350476cda03a28,CWE-119,linux,"P-1;
P-3;
P-9;
P-11;",parse_tag_3_packet,"[""new_auth_tok"", ""session_key"", ""encrypted_key_size""]",parse_tag_3_packet,1345,"[""memcpy((* new_auth_tok)->session_key.encrypted_key, & data[(* packet_size)], (* new_auth_tok)->session_key.encrypted_key_size);""]",T-1;,parse_tag_3_packet,No,None,1
CVE-2012-2375,20e0fa98b751facf9a1101edaefbc19c82616a68,CWE-189,linux,P-4;,__nfs4_get_acl_uncached,"[""res"", ""acl_len""]",_copy_from_page,315,"[""memcpy(p, vfrom + pgbase, copy);""]",T-1;,"__nfs4_get_acl_uncached
_copy_from_page",Yes,caller type,2
CVE-2012-2383,ed8cd3b2cd61004cab85380c52b1817aca1ca49b,CWE-189,linux,P-10;,i915_gem_execbuffer2,"[""args"", ""buffer_count""]",i915_gem_execbuffer2,1412,"[""exec2_list= kmalloc(sizeof (* exec2_list) * args->buffer_count, GFP_KERNEL | __GFP_NOWARN | __GFP_NORETRY);""]",T-1;,i915_gem_execbuffer2,No,None,1
CVE-2012-2384,44afb3a04391a74309d16180d1e4f8386fdfa745,CWE-189,linux,"P-9;
P-11;",i915_gem_do_execbuffer,"[""args"", ""num_cliprects""]",i915_gem_do_execbuffer,1136,"[""cliprects= kmalloc(args->num_cliprects * sizeof (* cliprects), GFP_KERNEL);""]",T-1;,i915_gem_do_execbuffer,No,None,1
CVE-2012-2745,79549c6dfda0603dba9a70a53467ce62d9335c33,CWE-119,linux,P-1;,copy_creds,"[""p"", ""replacement_session_keyring""]",__put_cred,162,"[""kdebug(\""__put_cred(% p{ % d, % d}) \"", cred, atomic_read(& cred->usage), read_cred_subscribers(cred));""]",T-1;,"copy_creds
copy_process
exit_creds
put_cred
__put_cred",Yes,callee type,5
CVE-2012-3364,67de956ff5dc1d4f321e16cfbd63f5be3b691b43,CWE-119,linux,P-2;,"nci_extract_rf_params_nfca_passive_poll
nci_extract_rf_params_nfcb_passive_poll
nci_extract_rf_params_nfcf_passive_poll
nci_extract_activation_params_iso_dep","[""nfca_poll"", ""nfcid1_len"", ""nfcb_poll"", ""sensb_res_len"", ""nfcf_poll"", ""sensf_res_len"", ""rats_res_len""]",nci_extract_rf_params_nfca_passive_poll,337,"[""memcpy(nfca_poll->rats_res, data, nfca_poll->rats_res_len);""]",T-1;,nci_extract_rf_params_nfca_passive_poll,No,None,1
CVE-2012-3400,1df2ae31c724e57be9d7ac00d78db8a5dabdd050,CWE-119,linux,"P-8;
P-9;
P-11;","udf_load_sparable_map
udf_load_logicalvol","[""spm"", ""numSparingTables""]",udf_load_logicalvol,1295,"[""loc= le32_to_cpu(spm->locSparingTable[j]);""]",T-2;,udf_load_logicalvol,No,None,1
CVE-2012-3400,adee11b2085bee90bd8f4f52123ffb07882d6256,CWE-119,linux,"P-1;
P-3;
P-5;
P-10;
P-11;",udf_load_logicalvol,"[""offset""]",udf_load_logicalvol,1244,"[""gpm= (struct genericPartitionMap *) & (lvd->partitionMaps[offset]);""]",T-2;,udf_load_logicalvol,No,None,1
CVE-2012-4565,8f363b77ee4fbf7c3bbcf5ec2c5ca482d396d664,CWE-189,linux,"P-2;
P-4;
P-9;",tcp_illinois_info,"[""ca"", ""sum_rtt""]",tcp_illinois_info,318,"[""do_div(t, ca->cnt_rtt);""]",T-4;,tcp_illinois_info,No,None,1
CVE-2012-6704,82981930125abfd39d7c8378a9cfdf5e1be2002b,CWE-119,linux,"P-2;
P-9;","sock_setsockopt
sock_getsockopt","[""v"", ""val""]",sock_getsockopt,1046,"[""if (copy_to_user(optval, & v, len));""]",T-1;,sock_getsockopt,No,None,1
CVE-2013-1773,0720a06a7518c9d0c0125bd5d1f3b6264c55c3dd,CWE-119,linux,"P-1;
P-3;
P-7;
P-8;
P-10;","utf8s_to_utf16s
put_utf16","[""maxlen""]",utf8s_to_utf16s,132,"[""* op++ = (wchar_t) (SURROGATE_PAIR | ((u >> 10) & SURROGATE_BITS));""]",T-3;,utf8s_to_utf16s,No,None,1
CVE-2013-1860,c0f5ecee4e741667b2493c742b60b6218d40b3aa,CWE-119,linux,"P-1;
P-2;
P-4;
P-5;
P-9;","wdm_in_callback
wdm_post_reset","[""desc"", ""reslength""]",wdm_in_callback,189,"[""memmove(desc->ubuf + desc->length, desc->inbuf, desc->reslength);""]",T-1;,wdm_in_callback,No,None,1
CVE-2013-1929,715230a44310a8cf66fbfb5a46f9a62a9b2de424,CWE-119,linux,"P-4;
P-9;",tg3_read_vpd,"[""len""]",tg3_read_vpd,14607,"[""memcpy(tp->fw_ver, & vpd_data[j], len);""]",T-1;,tg3_read_vpd,No,None,1
CVE-2013-2094,8176cced706b5e5d15887584150764894e94e02f,CWE-189,linux,P-2;,perf_swevent_init,"[""event_id""]",perf_swevent_init,5364,"[""static_key_slow_inc(& perf_swevent_enabled[event_id]);""]",T-2;,perf_swevent_init,No,None,1
CVE-2013-2234,a5cc68f3d63306d0d288f31edfc2ae6ef8ecd887,CWE-119,linux,P-1;,"key_notify_sa_flush
key_notify_policy_flush","[""hdr"", ""sadb_msg_reserved""]",,198,"[""* skb2= skb_clone(skb, allocation);""]",T-1;,"key_notify_sa_flush
pfkey_broadcast
pfkey_broadcast_one
",Yes,caller type,3
CVE-2013-2237,85dfb745ee40232876663ae206cba35f24ab2a40,CWE-119,linux,P-1;,key_notify_policy_flush,"[""hdr"", ""sadb_msg_satype""]",pfkey_broadcast_one,198,"[""* skb2= skb_clone(skb, allocation);""]",T-1;,"key_notify_policy_flush
pfkey_broadcast
pfkey_broadcast_one",Yes,caller type,3
CVE-2013-2850,cea4dcfdad926a27a18e188720efe0f2c9403456,CWE-119,linux,"P-1;
P-4;","iscsi_add_notunderstood_response
iscsi_decode_text_input",[],iscsi_add_notunderstood_response,761,"[""strncpy(extra_response->key, key, strlen(key) + 1);""]",T-1;,iscsi_add_notunderstood_response,No,None,1
CVE-2017-12999,3b32029db354cbc875127869d9b12a9addc75b50,CWE-125,tcpdump,P-3;,isis_print,"[""alen"", ""tptr""]",lookup_nsap,460,"[""if (nsap_length= == tp->e_nsap[0] && tp->e_addr0= == i && tp->e_addr1= == j && tp->e_addr2= == k && memcmp((const char *) nsap, (char *) & (tp->e_nsap[1]), nsap_length)= == 0);""]",T-1;,"isis_print
isonsap_string
lookup_nsap",Yes,caller type,3
CVE-2017-13000,8512734883227c11568bb35da1d48b9f8466f43f,CWE-125,tcpdump,P-4;,ieee802_15_4_if_print,"[""p""]",ieee802_15_4_if_print,125,"[""ND_PRINT((ndo, \"" % 04x : % 04x \"", panid, EXTRACT_LE_16BITS(p + 2)));""]",T-1;,ieee802_15_4_if_print,No,None,1
CVE-2017-13000,a7e5f58f402e6919ec444a57946bade7dfd6b184,CWE-125,tcpdump,P-4;,ieee802_15_4_if_print,"[""p"", ""panid"", ""ndo""]",lookup_bytestring,417,"[""memcmp((const char *) bs, (const char *) (tp->bs_bytes), nlen)= == 0);""]",T-1;,"ieee802_15_4_if_print
le64addr_string
lookup_bytestring",Yes,caller type,3
CVE-2017-13001,7a923447fd49a069a0fd3b6c3547438ab5ee2123,CWE-125,tcpdump,"P-4;
P-5;
P-6;
P-9;",nfs_printfh,"[""temp"", ""sfsname""]",nfs_printfh,813,"[""strncpy(temp, sfsname, NFSX_V3FHMAX);""]",T-1;,nfs_printfh,No,None,1
CVE-2017-13002,cbddb98484ea8ec1deece351abd56e063d775b38,CWE-125,tcpdump,"P-3;
P-9;
P-11;",aodv_extension,"[""ep"", ""length""]",aodv_extension,190,"[""switch (ep->type) {;""]",T-14;,aodv_extension,No,None,1
CVE-2017-13003,a25211918f2e790c67d859d20ccf8dbb81da1598,CWE-125,tcpdump,"P-6;
P-9;
P-11;","lmp_print_data_link_subobjs
lmp_print","[""link_type""]",lmp_print,767,"[""link_type= EXTRACT_16BITS(obj_tptr) >> 8;""]",T-1;,lmp_print,No,None,1
CVE-2017-13004,42073d54c53a496be40ae84152bbfe2c923ac7bc,CWE-125,tcpdump,P-3;,juniper_parse_header,"[""p"", ""l2info"", ""cookie_len""]",juniper_parse_header,1371,"[""l2info->proto= EXTRACT_16BITS(p + l2info->cookie_len);""]",T-1;,juniper_parse_header,No,None,1
CVE-2017-13005,b45a9a167ca6a3ef2752ae9d48d56ac14b001bfd,CWE-125,tcpdump,"P-9;
P-11;",xid_map_enter,"[""rp"", ""rm_call"", ""cb_proc"", ""cb_vers""]",xid_map_enter,902,"[""xmep->proc= EXTRACT_32BITS(& rp->rm_call.cb_proc);""]",T-1;,xid_map_enter,No,None,1
CVE-2017-13008,5edf405d7ed9fc92f4f43e8a3d44baa4c6387562,CWE-125,tcpdump,"P-4;
P-9;
P-11;",parse_elements,"[""length""]",parse_elements,1192,"[""memcpy(tim.bitmap, p + offset + 3, tim.length - 3);""]",T-1;,parse_elements,No,None,1
CVE-2017-13010,877b66b398518d9501513e0860c9f3a8acc70892,CWE-125,tcpdump,"P-8;
P-9;
P-10;
P-11;","l_strnstart
beep_print","[""tstr1"", ""tl1"", ""str2""]",l_strnstart,37,"[""return (strncmp(tstr1, str2, tl1)= == 0 ? 1 : 0);""]",T-1;,l_strnstart,No,None,1
CVE-2017-13012,8509ef02eceb2bbb479cea10fe4a7ec6395f1a8b,CWE-125,tcpdump,P-3;,icmp_print,"[""ip"", ""ip_len""]",icmp_print,584,"[""ip_print(ndo, bp, EXTRACT_16BITS(& ip->ip_len));""]",T-1;,icmp_print,No,None,1
CVE-2017-13013,13ab8d18617d616c7d343530f8a842e7143fb5cc,CWE-125,tcpdump,"P-3;
P-4;
P-7;
P-9;
P-10;","tpaddr_print_ip
spaddr_print_ip
atmarp_tpaddr_print
atmarp_spaddr_print
atmarp_print
arp_print","[""ndo""]",getname,245,"[""memcpy(& addr, ap, sizeof (addr));"", ""……很多个同样的语句（不同位置）;""]",T-1;,"atmarp_print
ipaddr_string
getname",Yes,caller type,3
CVE-2015-8745,c6048f849c7e3f009786df76206e895a69de032c,CWE-617,qemu,"P-1;
P-3;
P-11;",vmxnet3_io_bar0_read,"[""s"", ""l""]",vmxnet3_io_bar0_read,1168,"[""g_assert_not_reached();""]",T-5;, vmxnet3_io_bar0_read,No,None,1
CVE-2013-0853,be818df547c3b0ae4fadb50fd210139a8636706a,CWE-189,ffmpeg,"P-1;
P-2;",wavpack_decode_frame,"[""s"", ""frame"", ""nb_samples""]",av_samples_get_buffer_size,"[415, 428]","[""if (!(buf->data[0]= av_mallocz(buf_size)));"", ""memcpy(buf->data, frame->data, sizeof (frame->data));""]",T-1;,"wavpack_decode_frame
get_buffer
avcodec_default_get_buffer
audio_get_buffer
av_samples_get_buffer_size",Yes,caller type,5
CVE-2015-8631,83ed75feba32e46f736fcce0d96a0445f29b96c2,CWE-772,krb5,"P-2;
P-4;","create_principal_2_svc
create_principal3_2_svc
delete_principal_2_svc
modify_principal_2_svc
rename_principal_2_svc
get_principal_2_svc
get_princs_2_svc
chpass_principal_2_svc
chpass_principal3_2_svc
setv4key_principal_2_svc
setkey_principal_2_svc
setkey_principal3_2_svc
chrand_principal_2_svc
chrand_principal3_2_svc
create_policy_2_svc
delete_policy_2_svc
modify_policy_2_svc
get_policy_2_svc
get_pols_2_svc
get_privs_2_svc
purgekeys_2_svc
get_strings_2_svc
set_string_2_svc
init_2_svc","[""client_name"", ""service_name""]",init_2_svc,1804,"[""return (& ret);""]",T-10;,init_2_svc,No,None,1
CVE-2016-7466,b53dd4495ced2432a0b652ea895e651d07336f7e,CWE-772,qemu,P-4;,usb_xhci_exit,"[""xhci"", ""mem"", ""dev"", ""msix_table_mmio""]",usb_xhci_exit,3722,"[""usb_bus_release(& xhci->bus);""]",T-11;,usb_xhci_exit,No,None,1
CVE-2016-7995,b16c129daf0fed91febbb88de23dae8271c8898a,CWE-772,qemu,P-3;,ehci_process_itd,"[""ehci"", ""isgl""]",ehci_process_itd,1429,"[""return - 1;"", ""/ * avoid page pg + 1 * /;""]",T-10;,ehci_process_itd,No,None,1
CVE-2016-8577,e95c9a493a5a8d6f969e86c9f19f80ffe6587e19,CWE-772,qemu,P-11;,v9fs_read,"[""无关键变量""]",v9fs_read,1846,"[""put_fid(pdu, fidp);""]",T-11;,v9fs_read,No,None,1
CVE-2016-9102,ff55e94d23ae94c8628b0115320157c763eb3e06,CWE-772,qemu,P-3;,v9fs_xattrcreate,"[""xattr_fidp"", ""fs"", ""xattr"", ""value""]",v9fs_xattrcreate,3290,"[""v9fs_string_free(& name);""]",T-11;,v9fs_xattrcreate,No,None,1
CVE-2016-9105,4c1586787ff43c9acd18a56c12d720e3e6be9f7c,CWE-772,qemu,P-3;,v9fs_link,"[""pdu"", ""oldfidp""]",v9fs_link,2420,"[""pdu_complete(pdu, err);""]",T-11;,v9fs_link,No,None,1
CVE-2016-9106,fdfcc9aeea1492f4b819a24c94dfb678145b1bf9,CWE-772,qemu,P-11;,v9fs_write,"[""无关键变量""]",v9fs_write,2100,"[""put_fid(pdu, fidp);""]",T-11;,v9fs_write,No,None,1
CVE-2017-11310,8ca35831e91c3db8c6d281d09b605001003bec08,CWE-772,ImageMagick,P-1;,ProcessMSLScript,"[""profile""]",ProcessMSLScript,"[1907, 1920]","[""return (- 1);"", ""return (1);""]",T-10;,ProcessMSLScript,No,None,1
CVE-2017-12427,e793eb203e5e0f91f5037aed6585e81b1e27395b,CWE-772,ImageMagick,"P-1;
P-11;","read_user_chunk_callback
ReadOnePNGImage","[""msl_info"", ""image_info""]",read_user_chunk_callback,"[7910, 7909]","[""return (MagickTrue);""]",T-10;,read_user_chunk_callback,No,None,1
CVE-2017-15032,241988ca28139ad970c1d9717c419f41e360ddb0,CWE-772,ImageMagick,P-1;,ReadYCBCRImage,"[""canvas_image""]",ReadYCBCRImage,215,"[""return (DestroyImageList(image));""]",T-10;,ReadYCBCRImage,No,None,1
CVE-2017-15033,ef8f40689ac452398026c07da41656a7c87e4683,CWE-772,ImageMagick,"P-1;
P-4;",ReadYUVImage,"[""scanline""]",ReadYUVImage,"[231, 495, 403, 357]","[""return ((Image *) NULL);""]",T-10;,ReadYUVImage,No,None,1
CVE-2017-7377,d63fb193e71644a073b77ff5ac6f1216f2f6cf6e,CWE-772,qemu,"P-1;
P-9;","v9fs_lcreate
v9fs_create","[""fidp"", ""fid_type""]",v9fs_lcreate,"[1582, 2292]","[""v9fs_string_free(& name);"", ""v9fs_path_free(& path);""]",T-11;,v9fs_lcreate,No,None,1
CVE-2017-8086,4ffcdef4277a91af15a3c09f7d16af072c29f3f2,CWE-772,qemu,P-3;,v9fs_list_xattr,"[""orig_value""]",v9fs_list_xattr,111,"[""return - 1;""]",T-10;,v9fs_list_xattr,No,None,1
CVE-2018-16640,76efa969342568841ecf320b5a041685a6d24e0b,CWE-772,ImageMagick,P-4;,ReadOneJNGImage,"[""color_image"", ""color_image_info"", ""alpha_image"", ""alpha_image_info""]",ReadOneJNGImage,4696,"[""return (DestroyImageList(image));""]",T-10;,ReadOneJNGImage,No,None,1
CVE-2018-16641,256825d4eb33dc301496710d15cf5a7ae924088b,CWE-772,ImageMagick,P-1;,TIFFWritePhotoshopLayers,"[""base_image""]",TIFFWritePhotoshopLayers,3181,"[""return (status);""]",T-10;,TIFFWritePhotoshopLayers,No,None,1
CVE-2016-9913,4774718e5c194026ba5ee7a28d9be49be3080e42,CWE-401,qemu,P-4;,v9fs_device_realize_common,"[""s"", ""ctx"", ""fs_root""]",v9fs_device_realize_common,3528,"[""return rc;""]",T-10;,v9fs_device_realize_common,No,None,1
CVE-2016-9914,702dbcc274e2ca43be20ba64c758c0ca57dab91d,CWE-401,qemu,"P-3;
P-9;","v9fs_device_realize_common
v9fs_device_unrealize_common","[""s"", ""ctx""]",v9fs_device_realize_common,3528,"[""return rc;""]",T-10;,v9fs_device_realize_common,No,None,1
CVE-2017-5552,33243031dad02d161225ba99d782616da133f689,CWE-401,qemu,"P-3;
P-4;
P-9;",virgl_resource_attach_backing,"[""res_iovs"", ""att_rb""]",virgl_resource_attach_backing,295,"[""virgl_renderer_resource_attach_iov(att_rb.resource_id, res_iovs, att_rb.nr_entries);""]",T-11;,virgl_resource_attach_backing,No,None,1
CVE-2017-5578,204f01b30975923c64006f8067f0937b91eea68b,CWE-401,qemu,"P-1;
P-9;
P-11;",virtio_gpu_resource_attach_backing,"[""res"", ""iov""]",virtio_gpu_resource_attach_backing,720,"[""return;""]",T-10;,virtio_gpu_resource_attach_backing,No,None,1
CVE-2017-5579,8409dc884a201bf74b30a9d232b6bbdd00cb7e2b,CWE-401,qemu,P-3;,serial_realize_core,"[""s"", ""modem_status_poll"", ""fifo_timeout_timer"", ""recv_fifo"", ""xmit_fifo""]",serial_realize_core,909,"[""qemu_unregister_reset(serial_reset, s);""]",T-11;,serial_realize_core,No,None,1
CVE-2017-5856,765a707000e838c30b18d712fe6cb3dd8e0435f3,CWE-401,qemu,"P-1;
P-5;","megasas_map_dcmd
megasas_handle_dcmd","[""len""]",megasas_handle_dcmd,1570,"[""return MFI_STAT_MEMORY_NOT_AVAILABLE;""]",T-10;,megasas_handle_dcmd,No,None,1
CVE-2017-5857,5e8e3c4c75c199aa1017db816fca02be2a9f8798,CWE-401,qemu,"P-3;
P-5;
P-9;",virgl_cmd_resource_unref,"[""unref"", ""resource_id""]",virgl_cmd_resource_unref,84,"[""virgl_renderer_resource_unref(unref.resource_id);""]",T-11;,virgl_cmd_resource_unref,No,None,1
CVE-2017-9060,dd248ed7e204ee8a1873914e02b8b526e8f1b80d,CWE-401,qemu,P-3;,virtio_gpu_set_scanout,"[""rect""]",virtio_gpu_set_scanout,609,"[""return;""]",T-10;,virtio_gpu_set_scanout,No,None,1
CVE-2017-9373,d68f0f778e7f4fbd674627274267f269e40f0b04,CWE-401,qemu,"P-1;
P-3;
P-5;
P-9;",ahci_realize,"[""s"", ""dev""]",ahci_realize,1488,"[""g_free(s->dev);""]",T-11;,ahci_realize,No,None,1
CVE-2019-13133,fe3066122ef72c82415811d25e9e3fad622c0a99,CWE-401,ImageMagick,P-11;,ReadBMPImage,[],ReadBMPImage,1509,"[""return ((Image *) NULL);""]",T-10;,ReadBMPImage,No,None,1
CVE-2019-13134,fe3066122ef72c82415811d25e9e3fad622c0a99,CWE-401,ImageMagick,"P-2;
P-11;",ReadVIFFImage,"[""image""]",ReadVIFFImage,777,"[""return ((Image *) NULL);""]",T-10;,ReadVIFFImage,No,None,1
CVE-2019-13137,35ccb468ee2dcbe8ce9cf1e2f1957acc27f54c34,CWE-401,ImageMagick,P-1;,ReadPSImage,"[""page_geometry""]",ReadPSImage,748,"[""return ((Image *) NULL);""]",T-10;,ReadPSImage,No,None,1
CVE-2019-13296,ce08a3691a8ac29125e29fc41967b3737fa3f425,CWE-401,ImageMagick,P-1;,MagickBooleanType,"[""image""]",MagickBooleanType,4598,"[""return (status= == 0 ? MagickFalse : MagickTrue);""]",T-10;,MagickBooleanType,No,None,1
CVE-2019-13301,f595a1985233c399a05c0c37cc41de16a90dd025,CWE-401,ImageMagick,"P-1;
P-11;",AnnotateImage,"[""annotate"", ""annotate_info""]",AnnotateImage,"[277, 306]","[""return (MagickFalse);"", ""return (MagickFalse);""]",T-10;,AnnotateImage,No,None,1
CVE-2019-13309,5f21230b657ccd65452dd3d94c5b5401ba691a2d,CWE-401,ImageMagick,"P-1;
P-4;",CLIListOperatorImages,"[""insert_image""]",CLIListOperatorImages,4601,"[""return (status= == 0 ? MagickFalse : MagickTrue);""]",T-10;,CLIListOperatorImages,No,None,1
CVE-2019-13310,5f21230b657ccd65452dd3d94c5b5401ba691a2d,CWE-401,ImageMagick,P-1;,MogrifyImageList,"[""reconstruct_image"", ""image"", ""p""]",MogrifyImageList,8845,"[""return (status != 0 ? MagickTrue : MagickFalse);""]",T-10;,MogrifyImageList,No,None,1
CVE-2019-7175,1e6a3ace073c9ec9c71e439c111d23c6e66cb6ae,CWE-401,ImageMagick,"P-1;
P-9;",DecodeImage,"[""j""]",DecodeImage,218,"[""return (MagickFalse);""]",T-10;,DecodeImage,No,None,1
CVE-2019-7395,8a43abefb38c5e29138e1c9c515b313363541c06,CWE-401,ImageMagick,P-1;,WritePSDChannel,"[""compressed_pixels""]",WritePSDChannel,2785,"[""return (0);""]",T-10;,WritePSDChannel,No,None,1
CVE-2019-7396,748a03651e5b138bcaf160d15133de2f4b1b89ce,CWE-401,ImageMagick,P-1;,ReadSIXELImage,"[""sixel_pixels""]",ReadSIXELImage,1070,"[""return (DestroyImageList(image));""]",T-10;,ReadSIXELImage,No,None,1
CVE-2019-7397,306c1f0fa5754ca78efd16ab752f0e981d4f6b82,CWE-401,ImageMagick,"P-1;
P-4;",RestoreMSCWarning,"[""xref""]",RestoreMSCWarning,"[2085, 2182]","[""return (MagickFalse);"", ""return (MagickFalse);""]",T-10;,RestoreMSCWarning,No,None,1
CVE-2015-8900,97aa7d7cfd2027f6ba7ce42caf8b798541b9cdc6,CWE-835,ImageMagick,"P-2;
P-4;
P-10;",ReadHDRImage,"[""c""]",ReadHDRImage,277,"[""while ((c != '\\n') && (c != '\\0'));""]",T-7;,ReadHDRImage,No,None,1
CVE-2016-7908,070c4b92b8cd5390889716677a0b92444d6e087a,CWE-835,qemu,"P-5;
P-10;",mcf_fec_do_tx,"[""descnt""]",mcf_fec_do_tx,160,"[""while (1) {;""]",T-7;,mcf_fec_do_tx,No,None,1
CVE-2017-11523,83e0f8ffd7eeb7661b0ff83257da23d24ca7f078,CWE-835,ImageMagick,"P-3;
P-9;",ReadTXTImage,"[""image""]",ReadTXTImage,437,"[""do;""]",T-7;,ReadTXTImage,No,None,1
CVE-2017-12989,db24063b01cba8e9d4d88b7d8ac70c9000c104e4,CWE-835,tcpdump,P-1;,resp_get_length,"[""bp""]",resp_get_length,478,"[""for (;"", "") {;""]",T-7;,resp_get_length,No,None,1
CVE-2017-12995,3a76fd7c95fced2c2f8c8148a9055c3a542eff29,CWE-835,tcpdump,"P-2;
P-5;
P-6;",ns_nprint,"[""chars_processed"", ""cp"", ""data_size""]",ns_nprint,169,"[""while (i && cp < ndo->ndo_snapend) {;""]",T-7;,ns_nprint,No,None,1
CVE-2017-12997,34cec721d39c76be1e0a600829a7b17bdfb832b6,CWE-835,tcpdump,"P-6;
P-11;",lldp_private_8021_print,"[""i""]",lldp_private_8021_print,788,"[""while (i < sublen) {;""]",T-7;,lldp_private_8021_print,No,None,1
CVE-2017-14058,7ec414892ddcad88313848494b6fc5f437c9ca4a,CWE-835,ffmpeg,"P-1;
P-5;
P-9;",read_data,[],read_data,1324,"[""goto reload;""]",T-8;,read_data,No,None,1
CVE-2017-5973,f89b60f6e5fee3923bedf80e82b4e5efc1bb156b,CWE-835,qemu,"P-1;
P-3;
P-9;
P-11;","xhci_ring_fetch
xhci_kick_epctx
xhci_process_commands",[],xhci_kick_epctx,"[2230, 2749]","[""while (1) {;"", ""while ((type= xhci_ring_fetch(xhci, & xhci->cmd_ring, & trb, & addr))) {;""]",T-7;,xhci_kick_epctx,No,None,1
CVE-2017-6505,95ed56939eb2eaa4e2f349fe6dcd13ca4edfd8fb,CWE-835,qemu,"P-1;
P-3;
P-9;
P-11;",ohci_service_ed_list,"[""link_cnt""]",ohci_service_ed_list,1193,"[""for (cur= head;"", ""cur;"", ""cur= next_ed) {;""]",T-7;,ohci_service_ed_list,No,None,1
CVE-2018-1999012,9807d3976be0e92e4ece3b4b1701be894cd7c2e1,CWE-835,ffmpeg,"P-9;
P-11;",read_part_of_packet,"[""pb""]",read_part_of_packet,143,"[""goto recover;""]",T-8;,read_part_of_packet,No,None,1
CVE-2018-20467,db0add932fb850d762b02604ca3053b7d7ab6deb,CWE-835,ImageMagick,"P-1;
P-10;",ReadBMPImage,"[""bmp_info"", ""number_colors"", ""offset""]",ReadBMPImage,587,"[""do;""]",T-7;,ReadBMPImage,No,None,1
CVE-2018-7751,a6cba062051f345e8ebfdff34aba071ed73d923f,CWE-835,ffmpeg,"P-2;
P-9;",svg_probe,"[""b""]",svg_probe,883,"[""while (b < end) {;""]",T-7;,svg_probe,No,None,1
CVE-2011-3929,5a396bb3a66a61a68b80f2369d0249729bf85e04,CWE-119,ffmpeg,"P-4;
P-9;",avpriv_dv_produce_packet,"[""ppcm""]",avpriv_dv_produce_packet,152,"[""pcm[of * 2]= frame[d + 1];""]",T-2;,avpriv_dv_produce_packet,No,None,1
CVE-2011-3940,5c011706bc752d34bc6ada31d7df2ca0c9af7c6b,CWE-119,ffmpeg,P-10;,nsv_read_chunk,"[""s"", ""streams"", ""st [ ]""]",nsv_read_chunk,"[615, 628]","[""nst= st[NSV_ST_VIDEO]->priv_data;"", ""nst= st[NSV_ST_AUDIO]->priv_data;""]",T-2;,nsv_read_chunk,No,None,1
CVE-2011-3940,8fd8a48263ff1437f9d02d7e78dc63efb9b5ed3a,CWE-119,ffmpeg,"P-2;
P-9;
P-11;",nsv_parse_NSVf_header,"[""p"", ""strings""]",nsv_parse_NSVf_header,319,"[""avio_read(pb, strings, strings_size);""]",T-3;,nsv_parse_NSVf_header,No,None,1
CVE-2011-3945,807a045ab7f51993a2c1b3116016cbbd4f3d20d6,CWE-119,ffmpeg,"P-6;
P-10;",decode_frame,"[""offsets""]",decode_frame,92,"[""if (offsets[oidx] < 0) {;""]",T-2;,decode_frame,No,None,1
CVE-2011-3951,ce7aee9b733134649a6ce2fa743e51733f33e67e,CWE-119,ffmpeg,"P-1;
P-9;
P-11;",dpcm_decode_frame,"[""stereo"", ""buf_size""]",dpcm_decode_frame,233,"[""* output_samples++ = predictor[ch];""]",T-3;,dpcm_decode_frame,No,None,1
CVE-2012-0847,ae21776207e8a2bbe268e7c9e203f7599dd87ddb,CWE-119,ffmpeg,P-10;,avfilter_filter_samples,"[""i""]",avfilter_filter_samples,682,"[""memcpy(link->cur_buf->data[i], samplesref->data[i], samplesref->linesize[0]);""]",T-2;,avfilter_filter_samples,No,None,1
CVE-2012-0848,5257743aee0c3982f0079e6553aabc6aa39401d2,CWE-119,ffmpeg,P-2;,ws_snd_decode_frame,"[""smp""]",ws_snd_decode_frame,134,"[""* samples++ = sample;""]",T-3;,ws_snd_decode_frame,No,None,1
CVE-2012-0850,944f5b2779e4aa63f7624df6cd4de832a53db81b,CWE-119,ffmpeg,P-10;,sbr_qmf_synthesis,"[""v_off""]",sbr_qmf_synthesis,1205,"[""v[n]= mdct_buf[0][63 - 2 * n];""]",T-3;,sbr_qmf_synthesis,No,None,1
CVE-2012-0851,7fff64e00d886fde11d61958888c82b461cf99b9,CWE-119,ffmpeg,"P-3;
P-9;
P-11;",ff_h264_decode_seq_parameter_set,"[""sps"", ""chroma_format_idc""]",ff_h264_decode_seq_parameter_set,463,"[""((const char *[]) {\""Gray\"", \""420\"", \""422\"", \""444\""})[sps->chroma_format_idc],;""]",T-2;,ff_h264_decode_seq_parameter_set,No,None,1
CVE-2012-0854,6d8e6fe9dbc365f50521cf0c4a5ffee97c970cb5,CWE-119,ffmpeg,P-2;,dpcm_decode_frame,"[""uint8_t"", ""* output_samples_u8""]",dpcm_decode_frame,297,"[""* output_samples_u8++ = s->sample[0];""]",T-3;,dpcm_decode_frame,No,None,1
CVE-2012-0855,3eedf9f716733b3b4c5205726d2c1ca52b3d3d78,CWE-119,ffmpeg,"P-1;
P-9;",get_sot,"[""s"", ""curtileno""]",get_sot,437,"[""memcpy(tile->codsty, s->codsty, s->ncomponents * sizeof (J2kCodingStyle));""]",T-1;,get_sot,No,None,1
CVE-2012-0856,21270cffaeab2f67a613907516b2b0cd6c9eacf4,CWE-119,ffmpeg,"P-4;
P-10;",MPV_frame_start,"[""s"", ""width"", ""heigth""]",MPV_frame_start,"[1235, 1236]","[""for (i= 0;"", ""i < s->height;"", ""i++);"", ""memset(s->last_picture_ptr->f.data[0] + s->last_picture_ptr->f.linesize[0] * i, 16, s->width);""]",T-1;,MPV_frame_start,No,None,1
CVE-2012-0859,6fcf2bb8af0e7d6bb179e71e67e5fab8ef0d2ec2,CWE-119,ffmpeg,P-8;,render_line,"[""y0""]",render_line,188,"[""buf[x0]= ff_vorbis_floor1_inverse_db_table[y0];""]",T-2;,render_line,No,None,1
CVE-2012-2774,59a4b73531428d2f420b4dad545172c8483ced0f,CWE-119,ffmpeg,"P-3;
P-9;
P-11;",ff_MPV_frame_start,"[""avctx""]",ff_MPV_frame_start,1249,"[""memset(s->last_picture_ptr->f.data[0] + s->last_picture_ptr->f.linesize[0] * i, 16, avctx->width);""]",T-1;,ff_MPV_frame_start,No,None,1
CVE-2012-6616,68e48ed72e0597ae61bc3e9e6e6d9edcb1a00073,CWE-119,ffmpeg,P-2;,mov_text_decode_frame,"[""end""]",av_bprint_chars,122,"[""if (av_bprint_alloc(buf, n));""]",T-1;,"mov_text_decode_frame
text_to_ass
av_bprint_chars",Yes,caller type,3
CVE-2012-6618,e74cd2f4706f71da5e9205003c1d8263b54ed3fb,CWE-119,ffmpeg,P-2;,av_probe_input_buffer,"[""pd"", ""buf_size""]",av_probe_input_buffer,505,"[""memset(pd.buf + pd.buf_size, 0, AVPROBE_PADDING_SIZE);""]",T-1;,av_probe_input_buffer,No,None,1
CVE-2013-0847,10416a4d56fa8a89784e4fb62099c3cab17a9952,CWE-119,ffmpeg,P-10;,ff_id3v2_parse,"[""b"", ""-"", ""buffer中的b和buffer""]",ff_id3v2_parse,"[708, 711]","[""* b++ = avio_r8(s->pb);"", ""* b++ = val ? val : avio_r8(s->pb);""]",T-3;,ff_id3v2_parse,No,None,1
CVE-2013-0848,6abb9a901fca27da14d4fffbb01948288b5da3ba,CWE-119,ffmpeg,"P-3;
P-9;
P-11;",decode_init,"[""avctx"", ""width""]",alloc_temp,398,"[""s->temp[0]= av_mallocz(4 * s->width + 16);""]",T-2;,"decode_init
alloc_temp",Yes,caller type,2
CVE-2013-0850,d6c184880ee2e09fd68c0ae217173832cee5afc1,CWE-119,ffmpeg,P-2;,decode_slice_header,"[""h"", ""ref_count""]",_decode_ref_pic_list_reordering,196,"[""memcpy(h->ref_list[list], h->default_ref_list[list], sizeof (Picture) * h->ref_count[list]);""]",T-1;,"decode_slice_header
_decode_ref_pic_list_reordering",Yes,caller type,2
CVE-2013-0851,63ac64864c6e0e84355aa3caa5b92208997a9a8d,CWE-119,ffmpeg,P-10;,decode_frame,"[""buf_size""]",decode_frame,254,"[""height= AV_RL16(& buf[10]);""]",T-2;,decode_frame,No,None,1
CVE-2013-0852,c0d68be555f5858703383040e04fcd6529777061,CWE-119,ffmpeg,"P-3;
P-9;
P-11;",parse_picture_segment,"[""buf_size"", ""rle_bitmap_len""]",parse_picture_segment,233,"[""memcpy(ctx->pictures[picture_id].rle, buf, buf_size);""]",T-1;,parse_picture_segment,No,None,1
CVE-2013-0861,43c6b45a53a186a187f7266e4d6bd3c2620519f1,CWE-119,ffmpeg,P-2;,avcodec_decode_audio4,"[""channels""]",avcodec_decode_audio4,1698,"[""memcpy(samples, frame.extended_data[0], plane_size);""]",T-1;,avcodec_decode_audio4,No,None,1
CVE-2013-0863,89e16e675d3cbe76cf4581f98bf4ac300cab0286,CWE-119,ffmpeg,"P-1;
P-3;
P-9;",old_codec47,"[""decoded_size""]",old_codec47,320,"[""memset(dst, color, run_len);""]",T-1;,old_codec47,No,None,1
CVE-2013-0865,f3d16706060ab6ae6dc78f15359fab3fd87c9495,CWE-119,ffmpeg,"P-3;
P-9;
P-11;",vqa_decode_chunk,"[""chunk_size""]",vqa_decode_chunk,"[541, 564]","[""bytestream2_get_buffer(& s->gb, & s->next_codebook_buffer[s->next_codebook_buffer_index], chunk_size);"", ""bytestream2_get_buffer(& s->gb, & s->next_codebook_buffer[s->next_codebook_buffer_index], chunk_size);""]",T-3;,vqa_decode_chunk,No,None,1
CVE-2013-0868,6baa54924980e1f0e8121e4715d16ed1adcd2a23,CWE-119,ffmpeg,"P-3;
P-5;
P-9;","generate_joint_tables
read_huffman_tables
read_old_huffman_tables","[""i""]",generate_joint_tables,161,"[""len[i]= len0 + len1 + len2;""]",T-2;,generate_joint_tables,No,None,1
CVE-2017-0375,79b59a2dfcb68897ee89d98587d09e55f07e68d7,CWE-617,tor,"P-1;
P-3;
P-4;",connection_exit_begin_conn,"[""layer_hint""]",relay_send_command_from_edge_,615,"[""tor_assert(cpath_layer);"", ""tor_assert是一个define定义的函数，是否要到define处？最后是一个abort ();""]",T-5;,"connection_exit_begin_conn
relay_send_end_cell_from_edge
relay_send_command_from_edge
relay_send_command_from_edge_",Yes,caller type,4
CVE-2017-0376,56a7c5bc15e0447203a491c1ee37de9939ad1dcd,CWE-617,tor,P-10;,connection_edge_process_relay_cell,"[""circ"", ""purpose""]",assert_circuit_ok,1781,"[""tor_assert(!or_circ || !or_circ->rend_splice);""]",T-5;,"connection_edge_process_relay_cell
connection_exit_begin_conn
assert_circuit_ok",Yes,caller type,3
CVE-2017-11368,ffb35baac6981f9e8914f8f3bffd37f284b85970,CWE-617,krb5,"P-1;
P-3;
P-10;",finish_process_as_req,"[""state"", ""status""]",finish_process_as_req,370,"[""assert(state->status != 0);""]",T-5;,finish_process_as_req,No,None,1
CVE-2017-12168,9e3f7a29694049edd728e2400ab57ad7553e5aa9,CWE-617,linux,"P-1;
P-3;
P-9;
P-11;",access_pmu_evcntr,"[""r"", ""CRn"", ""CRm""]",access_pmu_evcntr,"[600, 609]","[""BUG();"", ""BUG();""]",T-5;,access_pmu_evcntr,No,None,1
CVE-2018-1068,b71812168571fa55e44cdd0254471331b9c4c4c6,CWE-787,Linux,P-9;,"ebt_size_mwt
size_entry_mwt","[""type"", ""size_left""]",compat_mtw_from_user,"[1962, 1964]","[""match->compat_from_user(dst, mwt->data);"", ""memcpy(dst, mwt->data, match_size);""]",T-1;,"ebt_size_mwt
compat_mtw_from_user",Yes,caller type,2
CVE-2018-10878,77260807d1170a8cf35dbb06e07461a655f67eee,CWE-787,Linux,,ext4_check_descriptors,"[""block_bitmap"", ""inode_bitmap"", ""inode_table"", ""last_bg_block""]",ext4_fill_super,4075,"[""memcpy(& sb->s_uuid, es->s_uuid, sizeof (es->s_uuid));""]",T-1;,"ext4_check_descriptors
ext4_fill_super",Yes,callee type,2
CVE-2018-10882,c37e9e013469521d9adb932d17a1795c139b36db,CWE-787,Linux,"P-9;
P-10;",__ext4_get_inode_loc,"[""inode"", ""i_ino""]",ext4_get_group_desc(),299,"[""if (!sbi->s_group_desc[group_desc]) {;""]",T-2;,"__ext4_get_inode_loc
ext4_get_group_desc()",Yes,caller type,2
CVE-2014-4344,524688ce87a15fc75f87efc8c039ba4c7d5c197b,CWE-476,krb5,"P-2;
P-10;",acc_ctx_cont,"[""ent""]",acc_ctx_cont,318,"[""if ((st= populate_policy(context, ld, ent, pol_name, * policy)) != 0);""]",T-15;,acc_ctx_cont,No,None,1
CVE-2017-15274,5649645d725c73df4302428ee4e02c869248b4c5,CWE-476,linux,P-10;,"SYSCALL_DEFINE5
keyctl_update_key","[""_payload""]",,233,"[""tag= data[dp++];""]",T-2;,"SYSCALL_DEFINE5
key_create_or_update
pkcs7_preparse
verify_pkcs7_signature
pkcs7_parse_message
asn1_ber_decoder
",Yes,caller type,6
CVE-2017-18255,1572e45a924f254d9570093abde46430c3172e3d,CWE-190,linux,P-2;,perf_cpu_time_max_percent_handler,"[""buffer""]",do_proc_dointvec_conv,"[2109, 2113]","[""* valp= - * lvalp;"", ""* valp= * lvalp;""]",T-4;,"perf_cpu_time_max_percent_handler
proc_dointvec
do_proc_dointvec
__do_proc_dointvec
do_proc_dointvec_conv",Yes,caller type,5
CVE-2017-18257,b86e33075ed1909d8002745b56ecf73b833db143,CWE-190,linux,P-2;,__get_data_block,"[""bh"", ""b_size""]",__get_data_block,"[967, 1051]","[""bh->b_size= map.m_len << inode->i_blkbits;"", ""goto prep_next;""]",T-4;,__get_data_block,No,None,1
CVE-2017-18344,cef31d9af908243421258f1df35a4a644604efbe,CWE-125,linux,"P-2;
P-9;
P-11;","good_sigevent
common_timer_get
common_timer_set","[""event"", ""sigev_notify""]",show_timer,2274,"[""seq_printf(m, \""notify : % s / % s.% d\\n\"", nstr[notify & ~SIGEV_THREAD_ID], (notify & SIGEV_THREAD_ID) ? \""tid\"" : \""pid\"", pid_nr_ns(timer->it_pid, tp->ns));""]",T-2;,"good_sigevent
show_timer",Yes,callee type,2
CVE-2017-2634,f53dc67c5e7babafe239b93a11678b0e05bead51,CWE-119,linux,P-2;,dccp_send_reset,"[""sk""]",dccp_send_reset,1141,"[""struct sk_buff * skb= alloc_skb(size, priority);""]",T-1;,dccp_send_reset,No,None,1
CVE-2017-5547,6d104af38b570d37aa32a5803b04c354f8ed513d,CWE-119,linux,"P-1;
P-3;
P-6;
P-9;
P-11;","k90_backlight_get
k90_record_led_get
k90_show_macro_mode
k90_show_current_profile","[""data""]",k90_backlight_get,163,"[""brightness= data[4];"", ""（下面还有三个代码相同的sink点）;""]",T-2;,k90_backlight_get,No,None,1
CVE-2017-5548,05a974efa4bdf6e2a150e3f27dc6fcf0a9ad5655,CWE-119,linux,"P-1;
P-3;
P-6;
P-9;
P-11;","atusb_read_reg
atusb_get_and_show_revision
atusb_get_and_show_build","[""build"", ""buffer""]",atusb_read_reg,"[619, 647]","[""atusb->fw_ver_maj= buffer[0];"", ""build[ret]= 0;""]",T-2;,atusb_read_reg,No,None,1
CVE-2017-5576,0f2ff82e11c86c05d051cae32b58226392d33bbf,CWE-190,linux,P-10;,vc4_get_bcl,"[""shader_rec_offset""]",vc4_get_bcl,627,"[""if (copy_from_user(bin, (void __user *) (uintptr_t) args->bin_cl, args->bin_cl_size));""]",T-1;,vc4_get_bcl,No,None,1
CVE-2017-6347,ca4ef4574f1ee5252e2cd365f8f5d5bafd048f32,CWE-125,linux,"P-1;
P-2;",ip_cmsg_recv_checksum,[],do_csum,77,"[""buff+= 4;""]",T-3;,"ip_cmsg_recv_checksum
csum_partial
do_csum",Yes,caller type,3
CVE-2017-7482,5f2f97656ada8d811d3c1bef503ced266fcd53a0,CWE-190,linux,"P-2;
P-4;
P-10;","rxrpc_krb5_decode_principal
rxrpc_krb5_decode_tagged_data
rxrpc_krb5_decode_ticket
rxrpc_preparse_xdr","[""tmp""]",rxrpc_krb5_decode_principal,258,"[""toklen-= tmp;""]",T-3;,rxrpc_krb5_decode_principal,No,None,1
CVE-2017-7541,8f44c9a41386729fea410e688959ddaa9d51be7c,CWE-119,linux,"P-1;
P-3;
P-9;
P-11;",brcmf_cfg80211_mgmt_tx,"[""len""]",brcmf_cfg80211_mgmt_tx,4962,"[""memcpy(action_frame->data, & buf[DOT11_MGMT_HDR_LEN], le16_to_cpu(action_frame->len));""]",T-1;,brcmf_cfg80211_mgmt_tx,No,None,1
CVE-2017-7542,6399f1fae4ec29fab5ec76070435555e256ca3a6,CWE-190,linux,"P-1;
P-2;
P-5;
P-9;
P-11;",ip6_find_1stfragopt,"[""offset""]",ip6_find_1stfragopt,114,"[""offset+= ipv6_optlen(exthdr);""]",T-4;,ip6_find_1stfragopt,No,None,1
CVE-2019-9003,77f8269606bf95fcb232ee86f6da80886f1dfae8,CWE-416,linux,P-4;,"free_user
ipmi_destroy_user","[""user"", ""release_barrier""]",acquire_ipmi_user,223,"[""* index= srcu_read_lock(& user->release_barrier);""]",T-13;,"ipmi_destroy_user
acquire_ipmi_user",Yes,callee type,2
CVE-2017-13018,26a6799b9ca80508c05cac7a9a3bef922991520b,CWE-125,tcpdump,P-9;,pgm_print,"[""bp""]",pgm_print,460,"[""opt_type= * bp++;""]",T-3;,pgm_print,No,None,1
CVE-2017-13019,4601c685e7fd19c3724d5e499c69b8d3ec49933e,CWE-125,tcpdump,"P-2;
P-9;
P-10;",pgm_print,"[""bp"", ""opts_len""]",pgm_print,486,"[""ND_PRINT((ndo, \"" OPTS LEN(extra ?) % d\"", EXTRACT_16BITS(bp)));"", ""/ / EXTRACT_16BITS从bp中提取16位也就是两个字节的数据，相当于对于bp的访问;""]",T-3;,pgm_print,No,None,1
CVE-2017-13020,c5dd7bef5e54da5996dc4713284aa6266ae75b75,CWE-125,tcpdump,P-3;,vtp_print,"[""tptr""]",vtp_print,"[226, 246]","[""ND_PRINT((ndo, \"", Config Rev % x\"", EXTRACT_32BITS(tptr)));"", ""len= * tptr;""]",T-3;,vtp_print,No,None,1
CVE-2017-13021,67c7126062d59729cd421bb38f9594015c9907ba,CWE-125,tcpdump,P-3;,icmp6_print,"[""dp"", ""icmp6_data16""]",icmp6_print,1003,"[""ND_TCHECK(dp->icmp6_seq);""]",T-3;,icmp6_print,No,None,1
CVE-2017-13022,eee0b04bcfdae319c242b0b8fc3d07029ee65b8c,CWE-125,tcpdump,"P-9;
P-11;","ip_printroute
ip_optprint","[""cp [ 2 ]"", ""cp [ len ]""]",getname6,245,"[""memcpy(& addr, ap, sizeof (addr));""]",T-1;,"ip_printroute
getname6",Yes,caller type,2
CVE-2017-13023,b8e559afaeb8fe0604a1f8e3ad4dc1445de07a00,CWE-125,tcpdump,P-3;,mobility_opt_print,"[""bp [ i + 2 ]""]",mobility_opt_print,154,"[""EXTRACT_16BITS(& bp[i + 2]) << 2));""]",T-3;,mobility_opt_print,No,None,1
CVE-2017-13024,7d3aba9f06899d0128ef46e8a2fa143c6fad8f62,CWE-125,tcpdump,P-3;,mobility_opt_print,"[""bp [ i + 2 ]"", ""bp [ i + 4 ]""]",mobility_opt_print,"[170, 171]","[""EXTRACT_16BITS(& bp[i + 2]),;"", ""EXTRACT_16BITS(& bp[i + 4])));""]",T-3;,mobility_opt_print,No,None,1
CVE-2017-13025,5338aac7b8b880b0c5e0c15e27dadc44c5559284,CWE-125,tcpdump,P-3;,mobility_opt_print,"[""bp [ i + 2 ]""]",getname6,245,"[""memcpy(& addr, ap, sizeof (addr));""]",T-3;,"mobility_opt_print
getname6",Yes,caller type,2
CVE-2017-13026,b20e1639dbac84b3fcb393858521c13ad47a9d70,CWE-125,tcpdump,"P-1;
P-2;
P-3;
P-4;
P-9;
P-10;","isis_print_mt_port_cap_subtlv
isis_print_mt_capability_subtlv","[""tptr""]",isis_print_mt_port_cap_subtlv,"[1406, 1514]","[""stlv_type= * (tptr++);""]",T-3;,isis_print_mt_port_cap_subtlv,No,None,1
CVE-2017-13027,a77ff09c46560bc895dea11dc9fe643486b056ac,CWE-125,tcpdump,P-10;,lldp_mgmt_addr_tlv_print,"[""tlen""]",safeputs,920,"[""while (idx < maxlen && * s) {;""]",T-3;,"lldp_mgmt_addr_tlv_print
safeputs",Yes,caller type,2
CVE-2017-13028,29e5470e6ab84badbc31f4532bb7554a796d9d52,CWE-125,tcpdump,P-3;,bootp_print,"[""bp"", ""bp_flags""]",bootp_print,326,"[""bittok2str(bootp_flag_values, \""none\"", EXTRACT_16BITS(& bp->bp_flags))));""]",T-3;,bootp_print,No,None,1
CVE-2017-13029,7029d15f148ef24bb7c6668bc640f5470d085e5a,CWE-125,tcpdump,P-4;,"print_lcp_config_options
print_ipcp_config_options
print_ccp_config_options
print_bacp_config_options","[""p""]",print_lcp_config_options,"[1254, 1265]","[""ND_PRINT((ndo, \"" : Features : % u, PxP : % s, History : % u, #CTX - ID : % u\"", (p[2] & 0xc0) >> 6, (p[2] & 0x20) ? \""Enabled\"" : \""Disabled\"", p[2] & 0x1f, p[3]));"", ""ND_PRINT((ndo, \"" : Window : % uK, Method : % s(0x % x), MBZ : % u, CHK : % u\"", (p[2] & 0xf0) >> 4, ((p[2] & 0x0f)= == 8) ? \""zlib\"" : \""unknown\"", p[2] & 0x0f, (p[3] & 0xfc) >> 2, p[3] & 0x03));""]",T-3;,print_lcp_config_options,No,None,1
CVE-2017-13030,5dc1860d8267b1e0cb78c9ffa2a40bea2fdb3ddc,CWE-125,tcpdump,P-9;,"pimv1_join_prune_print
pimv1_print
cisco_autorp_print
pim_print
pimv2_addr_print
pimv2_print","[""bp""]",pimv1_join_prune_print,176,"[""ND_TCHECK2(bp[6], 2);""]",T-3;,pimv1_join_prune_print,No,None,1
CVE-2017-13031,2d669862df7cd17f539129049f6fb70d17174125,CWE-125,tcpdump,P-10;,frag6_print,"[""dp"", ""ip6f_offlg""]",frag6_print,297,"[""(uintptr_t) & (var) <= (uintptr_t) ndo->ndo_snapend - (l)));""]",T-3;,frag6_print,No,None,1
CVE-2017-13032,1bc78d795cd5cad5525498658f414a11ea0a7e9c,CWE-125,tcpdump,"P-9;
P-10;",print_attr_string,"[""data""]",print_attr_string,550,"[""for (i= 0;"", ""* data && i < length;"", ""i++, data++);""]",T-3;,print_attr_string,No,None,1
CVE-2017-13033,ae83295915d08a854de27a88efac5dd7353e6d3f,CWE-125,tcpdump,"P-2;
P-3;
P-4;
P-9;",vtp_print,"[""tptr""]",fn_printzp,"[217, 278, 279]","[""c= * s++;"", ""type= * tptr;"", ""tlv_len= * (tptr + 1);""]",T-3;,"vtp_print
fn_printzp",Yes,caller type,2
CVE-2017-13034,da6f1a677bfa4476abaeaf9b1afe1c4390f51b41,CWE-125,tcpdump,"P-3;
P-11;",pgm_print,"[""bp""]",pgm_print,365,"[""switch (EXTRACT_16BITS(bp)) {;""]",T-3;,pgm_print,No,None,1
CVE-2017-13035,571a6f33f47e7a2394fa08f925e534135c29cf1e,CWE-125,tcpdump,"P-1;
P-5;
P-9;
P-10;",isis_print_id,"[""cp""]",isis_print_id,1651,"[""snprintf(pos, sizeof (id) - (pos - id), \"" % 02x\"", * cp++);""]",T-3;,isis_print_id,No,None,1
CVE-2017-13036,88b2dac837e81cf56dce05e6e7b5989332c0092d,CWE-125,tcpdump,P-3;,ospf6_decode_v3,"[""hellop"", ""hello_options""]",ospf6_decode_v3,740,"[""EXTRACT_32BITS(& hellop->hello_options))));""]",T-3;,ospf6_decode_v3,No,None,1
CVE-2017-13037,2c2cfbd2b771ac888bc5c4a6d922f749d3822538,CWE-125,tcpdump,"P-3;
P-10;
P-11;","ip_printts
ip_optprint","[""cp [ len ]""]",getname,"[220, 245]","[""ND_PRINT((ndo, \"" % s % d@ % s\"", type, EXTRACT_32BITS(& cp[len + hoplen - 4]),;"", ""memcpy(& addr, ap, sizeof (addr));""]",T-3;,"ip_printts
getname",Yes,caller type,2
CVE-2014-9664,dd89710f0f643eb0f99a3830e0712d26c7642acd,CWE-119,freetype2,P-10;,parse_charstrings,"[""cur""]",ps_table_add,216,"[""FT_MEM_COPY(table->block + table->cursor, object, length);""]",T-1;,"parse_charstrings
ps_table_add",Yes,caller type,2
CVE-2014-9665,54abd22891bd51ef8b533b24df53b3019b5cee81,CWE-119,freetype2,P-9;,Load_SBit_Png,"[""map"", ""rows"", ""width""]",Load_SBit_Png,"[272, 274, 350]","[""size= map->rows * map->pitch;"", ""error= ft_glyphslot_alloc_bitmap(slot, size);"", ""rows[i]= map->buffer + (y_offset + i) * map->pitch + x_offset * 4;"", ""/ / 最终的sink点;""]",T-3;,Load_SBit_Png,No,None,1
CVE-2014-9667,677ddf4f1dc1b36cef7c7ddd59a14c508f4b1891,CWE-119,freetype2,P-10;,"check_table_dir
tt_face_load_font_dir","[""table"", ""Length"", ""Offset"", ""-----"", ""entry""]",check_table_dir,"[210, 398]","[""if (table.Offset + table.Length > stream->size);"", ""if (entry->Offset + entry->Length > stream->size);""]",T-4;,check_table_dir,No,None,1
CVE-2014-9668,f46add13895337ece929b18bb8f036431b3fb538,CWE-119,freetype2,P-10;,woff_open_font,"[""table"", ""OrigLength""]",FT_Gzip_Uncompress,715,"[""err= inflateInit2(& stream, MAX_WBITS);""]",T-1;,"woff_open_font
FT_Gzip_Uncompress",Yes,caller type,2
CVE-2014-9669,602040b1112c9f94d68e200be59ea7ac3d104565,CWE-125,freetype2,P-10;,"tt_cmap8_validate
tt_cmap10_validate
tt_cmap12_validate
tt_cmap13_validate
tt_cmap14_validate","[""num_groups""]",tt_cmap8_validate,"[1685, 1686, 1687]","[""start= TT_NEXT_ULONG(p);"", ""end= TT_NEXT_ULONG(p);"", ""start_id= TT_NEXT_ULONG(p);""]",T-3;,tt_cmap8_validate,No,None,1
CVE-2014-9670,ef1eba75187adfac750f326b563fe543dd5ff4e6,CWE-189,freetype2,P-9;,pcf_get_encodings,"[""firstCol"", ""lastCol"", ""firstRow"", ""lastRow""]",pcf_get_encodings,840,"[""if (FT_NEW_ARRAY(encoding, nencoding));""]",T-1;,pcf_get_encodings,No,None,1
CVE-2014-9672,18a8f0d9943369449bc4de92d411c78fb08d616c,CWE-119,freetype2,"P-1;
P-10;",parse_fond,"[""string_count""]",parse_fond,473,"[""if (j < string_count && (s= names[j]) != NULL);""]",T-2;,parse_fond,No,None,1
CVE-2014-9673,35252ae9aa1dd9343e9f4884e9ddb1fee10ef415,CWE-119,freetype2,P-9;,Mac_Read_POST_Resource,"[""rlen""]",Mac_Read_POST_Resource,"[1669, 145]","[""error= FT_Stream_Read(stream, (FT_Byte *) pfb_data + pfb_pos, rlen);"", ""FT_MEM_COPY(buffer, stream->base + pos, read_bytes);""]",T-1;,Mac_Read_POST_Resource,No,None,1
CVE-2016-10328,beecf80a6deecbaf5d264d4f864451bde4fe98b8,CWE-787,freetype2,,cff_parser_run,"[""num_args""]",cff_parser_run,1430,"[""* parser->top= p;""]",T-3;,cff_parser_run,No,None,1
CVE-2017-7857,7bbb91fbf47fc0775cc9705673caf0c47a81f94b,CWE-787,freetype2,P-10;,sfnt_init_face,"[""face"", ""TTAG_CFF"", ""stream""]",TT_Get_MM_Var,"[2039, 2046]","[""if (FT_ALLOC(mmvar, face->blend->mmvar_len));"", ""mmvar->num_axis= fvar_head.axisCount;""]",T-1;,"sfnt_init_face
tt_face_init
TT_Get_MM_Var",Yes,callee type,3
CVE-2017-7858,779309744222a736eba0f1731e8162fce6288d4e,CWE-787,freetype2,P-10;,sfnt_init_face,"[""face"", ""stream""]",TT_Get_MM_Var,"[2039, 2046]","[""if (FT_ALLOC(mmvar, face->blend->mmvar_len));"", ""mmvar->num_axis= fvar_head.axisCount;""]",T-1;,"sfnt_init_face
tt_face_init
TT_Get_MM_Var",Yes,callee type,3
CVE-2017-7864,e6699596af5c5d6f0ae0ea06e19df87dce088df8,CWE-787,freetype2,P-9;,tt_size_reset,"[""size"", ""ttmetrics"", ""valid""]",tt_size_reset,1222,"[""* metrics= size->root.metrics;""]",T-3;,tt_size_reset,No,None,1
CVE-2017-8287,3774fc08b502c3e685afca098b6e8a195aded6a0,CWE-119,freetype2,P-9;,t1_builder_close_contour,"[""outline"", ""n_contours""]",psh_glyph_init,1189,"[""next= (FT_UInt) outline->contours[n] + 1;""]",T-2;,"t1_decoder_parse_charstrings
t1_builder_close_contour
ps_hints_apply
psh_glyph_init",Yes,callee type,4
CVE-2018-11377,b35530fa0681b27eba084de5527037ebfb397422,CWE-125,radare2,P-9;,avr_op_analyze,"[""len""]",avr_op_analyze,1529,"[""ut16 ins= (buf[1] << 8) | buf[0];""]",T-2;,avr_op_analyze,No,None,1
CVE-2018-11378,bd276ef2fd8ac3401e65be7c126a43175ccfbcd7,CWE-119,radare2,"P-1;
P-4;
P-10;",wasm_dis,"[""op"", ""txt""]",wasm_dis,419,"[""snprintf(op->txt + strlen(op->txt), R_ASM_BUFSIZE, \"" % d\"", def);""]",T-3;,wasm_dis,No,None,1
CVE-2018-11379,4e1cf0d3e6f6fe2552a269def0af1cd2403e266c,CWE-125,radare2,"P-1;
P-3;
P-9;","get_nb10
get_debug_info","[""nb10_hdr""]",get_debug_info,"[2735, 2780]","[""memcpy(res, dbg_data, nb10sz);"", ""strncpy(res->file_name, (const char *) nb10_hdr.file_name, sizeof (res->file_name) - 1);""]",T-1;,get_debug_info,No,None,1
CVE-2009-2767,70d715fd0597f18528f389b5ac59102263067744,CWE-119,linux,"P-3;
P-11;","no_nsleep
init_posix_timers","[""which_clock""]",init_posix_timers,984,"[""return CLOCK_DISPATCH(which_clock, nsleep, (which_clock, flags, & t, rmtp));""]",T-16;,init_posix_timers,No,None,1
CVE-2009-3638,6a54435560efdab1a08f429a954df4d6c740bddf,CWE-189,linux,"P-1;
P-9;",kvm_dev_ioctl_get_supported_cpuid,"[""cpuid"", ""nent""]",kvm_dev_ioctl_get_supported_cpuid,1595,"[""cpuid_entries= vmalloc(sizeof (struct kvm_cpuid_entry2) * cpuid->nent);""]",T-1;,kvm_dev_ioctl_get_supported_cpuid,No,None,1
CVE-2009-4004,a9e38c3e01ad242fe2a625354cf065c34b01e3aa,CWE-119,linux,P-10;,kvm_vcpu_ioctl_x86_setup_mce,"[""bank_num""]",kvm_vcpu_ioctl_x86_setup_mce,1706,"[""vcpu->arch.mce_banks[bank * 4]= ~(u64) 0;"", ""out :;""]",T-2;,kvm_vcpu_ioctl_x86_setup_mce,No,None,1
CVE-2009-4005,286e633ef0ff5bb63c07b4516665da8004966fec,CWE-119,linux,P-10;,collect_rx_frame,"[""fifo"", ""skbuff"", ""len""]",collect_rx_frame,820,"[""if ((!fifo->skbuff->data[fifo->skbuff->len - 1]) && (fifo->skbuff->len > 3)) {;""]",T-2;,collect_rx_frame,No,None,1
CVE-2009-4307,503358ae01b70ce6909d19dd01287093f6b6271c,CWE-189,linux,P-10;,ext4_fill_flex_info,"[""groups_per_flex""]",ext4_fill_flex_info,1687,"[""EXT4_DESC_PER_BLOCK_BITS(sb))) / groups_per_flex;""]",T-17;,ext4_fill_flex_info,No,None,1
CVE-2010-1084,101545f6fef4a0a3ea8daf0b5b880df2c6a92a69,CWE-119,linux,"P-1;
P-2;
P-5;
P-9;",rfcomm_dlc_sysfs_show,"[""str""]",rfcomm_dlc_sysfs_show,2117,"[""str+= sprintf(str, \"" % s % s % ld % d % d % d % d\\n\"", batostr(& bt_sk(sk)->src), batostr(& bt_sk(sk)->dst), d->state, d->dlci, d->mtu, d->rx_credits, d->tx_credits);""]",T-1;,rfcomm_dlc_sysfs_show,No,None,1
CVE-2010-2521,2bc3c1179c781b359d4f2f3439cb3df72afc17fc,CWE-119,linux,P-2;,"read_buf
nfsd4_decode_compound","[""argp"", ""end""]",read_buf,"[159, 170]","[""memcpy(p, argp->p, avail);"", ""memcpy(((char *) p) + avail, argp->p, (nbytes - avail));""]",T-1;,read_buf,No,None,1
CVE-2010-3015,731eb1a03a8445cde2cb23ecfb3580c6fa7bb690,CWE-189,linux,P-10;,"ext4_ext_in_cache
ext4_ext_get_blocks","[""block""]",ext4_ext_in_cache,"[3367, 3368]","[""if (iblock >= ee_block && iblock < ee_block + ee_len) {;"", ""newblock= iblock - ee_block + ee_start;""]",T-4;,ext4_ext_in_cache,No,None,1
CVE-2010-3084,ee9c5cfad29c8a13199962614b9b16f1c4137ac9,CWE-119,linux,"P-1;
P-6;
P-9;",niu_get_ethtool_tcam_all,"[""nfc"", ""rule_cnt""]",niu_get_ethtool_tcam_all,368,"[""if (copy_to_user(useraddr, rule_buf, info.rule_cnt * sizeof (u32)));""]",T-1;,"ethtool_get_rxnfc
niu_get_nfc
niu_get_ethtool_tcam_all",Yes,callee type,3
CVE-2010-3873,a6331d6f9a4298173b413cf99a40cc86a9d92c37,CWE-119,linux,P-10;,x25_parse_facilities,"[""p [ 1 ]""]",x25_parse_facilities,140,"[""memcpy(dte_facs->calling_ae, & p[3], p[1] - 1);""]",T-1;,x25_parse_facilities,No,None,1
CVE-2010-4650,7572777eef78ebdee1ecb7c258c0ef94d35bad16,CWE-119,linux,"P-1;
P-7;
P-9;","fuse_verify_ioctl_iov
fuse_do_ioctl","[""in_iov"", ""out_iov""]",fuse_do_ioctl,1781,"[""pages[num_pages]= alloc_page(GFP_KERNEL | __GFP_HIGHMEM);""]",T-2;,fuse_do_ioctl,No,None,1
CVE-2011-0521,cb26a24ee9706473f31d34cc259f4dcf45cd0644,CWE-119,linux,P-10;,dvb_ca_ioctl,"[""info"", ""num""]",dvb_ca_ioctl,282,"[""av7110->ci_slot[info->num].num= info->num;""]",T-2;,dvb_ca_ioctl,No,None,1
CVE-2011-1476,b769f49463711205d57286e64cf535ed4daf59e9,CWE-189,linux,"P-8;
P-10;
P-11;",opl3_load_patch,"[""ins，offs""]",opl3_load_patch,837,"[""if (copy_from_user(& ((char *) & ins)[offs], addr + offs, sizeof (ins) - offs));""]",T-1;,opl3_load_patch,No,None,1
CVE-2011-1759,0f22072ab50cac7983f9660d33974b45184da4f9,CWE-189,linux,P-10;,sys_oabi_semtimedop,"[""nsops""]",sys_oabi_semtimedop,"[316, 321]","[""sops= kmalloc(sizeof (* sops) * nsops, GFP_KERNEL);"", ""__get_user_error(sops[i].sem_num, & tsops->sem_num, err);""]",T-1;,sys_oabi_semtimedop,No,None,1
CVE-2011-2182,cae13fe4cc3f24820ffb990c09110626837e85d4,CWE-119,linux,P-9;,ldm_frag_add,"[""rec""]",ldm_frag_add,1349,"[""memcpy(f->data + rec * (size - VBLK_SIZE_HEAD) + VBLK_SIZE_HEAD, data, size);""]",T-1;,ldm_frag_add,No,None,1
CVE-2011-2517,208c72f4fe44fe09577e7975ba0e7fa0278f3d03,CWE-119,linux,P-2;,"nl80211_trigger_scan
nl80211_start_sched_scan","[""request"", ""ssids"", ""i"", ""ssid_len"", ""nla_len""]",nl80211_trigger_scan,3413,"[""memcpy(request->ssids[i].ssid, nla_data(attr), nla_len(attr));""]",T-1;,nl80211_trigger_scan,No,None,1
CVE-2011-2521,fc66c5210ec2539e800e87d7b3a985323c7be96e,CWE-189,linux,P-2;,x86_assign_hw_event,"[""hwc"", ""event_base""]",x86_perf_event_set_period,41,"[""native_write_msr((msr), (u32) ((u64) (val)), \\;""]",T-1;,"x86_pmu_enable
x86_assign_hw_event
x86_pmu_start
x86_perf_event_set_period",Yes,callee type,4
CVE-2013-4312,712f4aad406bb1ed67f3f98d04c044191f0ff593,CWE-119,linux,"P-1;
P-7;
P-9;
P-10;
P-11;","too_many_unix_fds
unix_attach_fds","[""current""]",unix_attach_fds,1525,"[""struct sock * sk= unix_get_socket(scm->fp->fp[i]);""]",T-2;,unix_attach_fds,No,None,1
CVE-2013-4387,2811ebac2521ceac84f2bdae402455baa6a7fb47,CWE-119,linux,"P-2;
P-4;
P-9;","ip6_ufo_append_data
ip6_append_data","[""length""]",skb_append_datato_frags,2701,"[""ret= getfrag(from, page_address(pfrag->page) + pfrag->offset, offset, copy, 0, skb);""]",T-3;,"ip6_ufo_append_data
skb_append_datato_frags",Yes,caller type,2
CVE-2013-4483,6062a8dc0517bce23e3c2f7d2fea5e22411269a3,CWE-189,linux,"P-4;
P-6;
P-8;
P-10;
P-11;","ipc_alloc
ipc_free
rcu_use_vmalloc
ipc_rcu_getref
ipc_rcu_putref","[""refcount""]",ipc_rcu_putref,581,"[""if (--container_of(ptr, struct ipc_rcu_hdr, data)->refcount > 0);""]",T-4;,ipc_rcu_putref,No,None,1
CVE-2013-4511,7314e613d5ff9f0934f7a0f74ed7973b903315d1,CWE-189,linux,"P-3;
P-11;",au1100fb_fb_rotate,"[""off""]",au1100fb_fb_rotate,378,"[""if ((vma->vm_end - vma->vm_start + off) > len) {;""]",T-4;,au1100fb_fb_rotate,No,None,1
CVE-2013-4512,201f99f170df14ba52ea4c52847779042b7a623b,CWE-119,linux,"P-1;
P-5;
P-10;",exitcode_proc_write,"[""count""]",exitcode_proc_write,45,"[""if (copy_from_user(buf, buffer, count));""]",T-1;,exitcode_proc_write,No,None,1
CVE-2013-4513,c2c65cd2e14ada6de44cb527e7f1990bede24e15,CWE-119,linux,P-9;,oz_cdev_write,"[""count""]",oz_cdev_write,180,"[""if (copy_from_user(app_hdr + 1, buf, count));""]",T-1;,oz_cdev_write,No,None,1
CVE-2013-4514,b5e2f339865fb443107e5b10603e53bbc92dc054,CWE-119,linux,"P-1;
P-4;
P-5;
P-9;",wvlan_uil_put_info,"[""pLtv"", ""u"", ""u16""]",wvlan_uil_put_info,689,"[""memcpy((void *) lp->StationName, (void *) & pLtv->u.u8[2], (size_t) pLtv->u.u16[0]);""]",T-1;,wvlan_uil_put_info,No,None,1
CVE-2013-4563,0e033e04c2678dbbe74a46b23fffb7bb918c288e,CWE-189,linux,P-10;,udp6_ufo_fragment,"[""skb""]",skb_headroom,1484,"[""return skb->data - skb->head;""]",T-4;,"udp6_ufo_fragment
skb_headroom",Yes,caller type,2
CVE-2013-4588,04bcef2a83f40c6db24222b27a52892cba39dffb,CWE-119,linux,"P-4;
P-9;
P-10;","do_ip_vs_set_ctl
do_ip_vs_get_ctl","[""get_arglen [ GET_CMDID ( cmd ) ]""]",do_ip_vs_get_ctl,2365,"[""if (copy_from_user(arg, user, get_arglen[GET_CMDID(cmd)]) != 0);""]",T-1;,do_ip_vs_get_ctl,No,None,1
CVE-2013-4591,7d3e91a89b7adbc2831334def9e494dd9892f9af,CWE-119,linux,P-9;,__nfs4_get_acl_uncached,"[""res"", ""acl_len""]",_copy_from_pages,289,"[""memcpy(p, vfrom + pgbase, copy);""]",T-1;,"__nfs4_get_acl_uncached
_copy_from_pages",Yes,caller type,2
CVE-2013-6367,b963a22e6d1a266a67e9eecc88134713fd54775c,CWE-189,linux,P-10;,apic_get_tmcct,"[""apic"", ""lapic_timer"", ""period""]",apic_get_tmcct,851,"[""ns= mod_64(ktime_to_ns(remaining), apic->lapic_timer.period);""]",T-19;,apic_get_tmcct,No,None,1
CVE-2013-6376,17d68b763f09a9ce824ae23eb62c9efc57b69271,CWE-189,linux,P-2;,recalculate_apic_map,"[""new"", ""cid_mask""]",recalculate_apic_map,199,"[""new->logical_map[cid][ffs(lid) - 1]= apic;""]",T-2;,recalculate_apic_map,No,None,1
CVE-2013-6378,a497e47d4aec37aaf8f13509f3ef3d1f6a717d88,CWE-189,linux,"P-1;
P-2;
P-9;",lbs_debugfs_write,"[""pdata""]",lbs_debugfs_write,916,"[""pdata= kmalloc(cnt, GFP_KERNEL);""]",T-1;,lbs_debugfs_write,No,None,1
CVE-2013-6381,6fb392b1a63ae36c31f62bc3fc8630b49d602b62,CWE-119,linux,"P-6;
P-9;",qeth_snmp_command,"[""req_len""]",memdup_user,101,"[""if (copy_from_user(p, src, len)) {;""]",T-1;,"qeth_snmp_command
memdup_user",Yes,caller type,2
CVE-2013-6763,7314e613d5ff9f0934f7a0f74ed7973b903315d1,CWE-119,linux,"P-2;
P-4;
P-5;
P-10;",uio_mmap_physical,"[""idev"", ""info"", ""mem"", ""mi"", ""addr""]",uio_mmap_physical,654,"[""idev->info->mem[mi].addr >> PAGE_SHIFT,;""]",T-2;,uio_mmap_physical,No,None,1
CVE-2013-7027,f5563318ff1bde15b10e736e97ffce13be08bc1a,CWE-119,linux,"P-9;
P-10;",ieee80211_radiotap_iterator_init,"[""iterator"", ""_arg""]",ieee80211_radiotap_iterator_init,139,"[""iterator->_arg+= sizeof (uint32_t);""]",T-3;,ieee80211_radiotap_iterator_init,No,None,1
CVE-2014-0049,a08d3b3b99efd509133946056531cdf8f3a0c09b,CWE-120,linux,P-10;,complete_emulated_mmio,"[""vcpu"", ""mmio_cur_fragment""]",complete_emulated_mmio,6173,"[""frag= & vcpu->mmio_fragments[vcpu->mmio_cur_fragment];""]",T-2;,complete_emulated_mmio,No,None,1
CVE-2014-0069,5d81de8e8667da7135d3a32a964087c0faf5483f,CWE-119,linux,"P-2;
P-4;
P-5;
P-9;",cifs_iovec_write,"[""copied""]",iov_iter_copy_from_user,2448,"[""copied= iov_iter_copy_from_user(wdata->pages[i], & it, 0, bytes);""]",T-1;,"cifs_iovec_write
iov_iter_copy_from_user",Yes,caller type,2
CVE-2014-0205,7ada876a8703f23befbb20a7465a702ee39b1704,CWE-119,linux,"P-3;
P-11;","queue_lock
queue_unlock
unqueue_me_pi
futex_wait","[""key""]",__mmdrop,525,"[""mm_free_pgd(mm);""]",T-12;,"futex_wait
put_futex_key
drop_futex_key_refs
mmdrop
__mmdrop",Yes,caller type,5
CVE-2014-2889,a03ffcf873fe0f2565386ca8ef832144c42e67fa,CWE-189,linux,P-10;,bpf_jit_compile,"[""f_offset""]",bpf_jit_compile,54,"[""#define EMIT2(b1, b2) EMIT((b1) + ((b2) << 8), 2);""]",T-3;,bpf_jit_compile,No,None,1
CVE-2017-9074,2423496af35d94a87156b063ea5cedffc10a70a1,CWE-125,linux,P-9;,ipv6_gso_segment,"[""unfrag_ip6hlen""]",ipv6_gso_segment,120,"[""fptr= (struct frag_hdr *) ((u8 *) ipv6h + unfrag_ip6hlen);""]",T-3;,ipv6_gso_segment,No,None,1
CVE-2017-9984,20e2b791796bd68816fa115f12be5320de2b8021,CWE-125,linux,"P-2;
P-5;
P-9;
P-10;",snd_msnd_interrupt,"[""readw"", ""chip"", ""DSPQ"", ""+"", ""JQS_wHead )""]",snd_msnd_interrupt,181,"[""snd_msnd_eval_dsp_msg(chip, readw(pwDSPQData + 2 * readw(chip->DSPQ + JQS_wHead)));""]",T-3;,snd_msnd_interrupt,No,None,1
CVE-2017-9985,20e2b791796bd68816fa115f12be5320de2b8021,CWE-125,linux,"P-2;
P-5;
P-9;
P-10;",snd_msndmidi_input_read,"[""readw"", ""chip"", ""DSPQ"", ""+"", ""JQS_wHead )""]",snd_msndmidi_input_read,128,"[""val= readw(pwMIDQData + 2 * readw(mpu->dev->MIDQ + JQS_wHead));""]",T-3;,snd_msndmidi_input_read,No,None,1
CVE-2017-15306,ac64115a66c18c01745bbd3c47a36b124e5fd8c0,CWE-476,linux,P-2;,kvm_vm_ioctl_check_extension,"[""kvm""]",kvm_vm_ioctl_check_extension,647,"[""r= cpu_has_feature(CPU_FTR_TM_COMP) && is_kvmppc_hv_enabled(kvm);""]",T-15;,kvm_vm_ioctl_check_extension,No,None,1
CVE-2017-16532,7c80f9e4a588f1925b07134bb2e3689335f6c6d8,CWE-476,linux,P-9;,get_endpoints,"[""out""]",get_endpoints,208,"[""dev->out_pipe= usb_sndbulkpipe(udev, out->desc.bEndpointAddress & USB_ENDPOINT_NUMBER_MASK);""]",T-14;,get_endpoints,No,None,1
CVE-2017-18079,340d394a789518018f834ff70f7534fc463d3226,CWE-476,linux,"P-2;
P-3;
P-10;","i8042_start
i8042_stop
i8042_interrupt","[""port"", ""exists""]",i8042_interrupt,579,"[""if (likely(port->exists && !filtered));""]",T-14;,i8042_interrupt,No,None,1
CVE-2017-18216,853bc26a7ea39e354b9f8889ae7ad1492ffa28d2,CWE-476,linux,"P-1;
P-3;
P-9;
P-11;","to_o2nm_cluster_from_node
o2nm_node_num_store
o2nm_node_ipv4_address_store
o2nm_node_local_store","[""node"", ""nd_item"", ""ci_parent""]",to_o2nm_cluster_from_node,184,"[""return to_o2nm_cluster(node->nd_item.ci_parent->ci_parent);""]",T-14;,to_o2nm_cluster_from_node,No,None,1
CVE-2016-4001,3a15cc0e1ee7168db0782133d2607a6bfa422d66,CWE-120,qemu,"P-1;
P-2;
P-3;
P-9;
P-11;",stellaris_enet_receive,"[""size"", ""s""]",stellaris_enet_receive,254,"[""memset(p, 0, (6 - size) & 3);""]",T-1;,stellaris_enet_receive,No,None,1
CVE-2016-6490,1e7aed70144b4673fc26e73062064b6724795e5f,CWE-120,qemu,"P-3;
P-9;
P-11;",virtqueue_map_desc,"[""sz""]",ddress_space_read,2087,"[""memcpy(buf, ptr, len);""]",T-1;,"virtqueue_pop
virtqueue_map_desc
virtqueue_read_next_desc
vring_desc_read
ddress_space_read",Yes,callee type,5
CVE-2016-7422,973e7170dddefb491a48df5cba33b2ae151013a0,CWE-120,qemu,"P-3;
P-9;
P-11;",virtqueue_map_desc,"[""iov"", ""num_sg"", ""iov_base""]",virtqueue_map_desc,64,"[""memcpy(buf, iov[0].iov_base + offset, bytes);""]",T-1;," virtio_gpu_handle_cursor
virtqueue_pop
virtqueue_map_desc",Yes,callee type,3
CVE-2017-6058,df8bf7a7fe75eb5d5caffa55f5cd4292b757aea6,CWE-120,qemu,"P-2;
P-6;
P-10;","net_rx_pkt_pull_data
net_rx_pkt_attach_iovec
net_rx_pkt_attach_iovec_ex
net_rx_pkt_dump
net_rx_pkt_is_vlan_stripped","[""pkt"", ""ehdr_buf""]",01v_to_buf,64,"[""memcpy(buf, iov[0].iov_base + offset, bytes);""]",T-1;,"net_rx_pkt_pull_data
th_strip_vlan
01v_to_buf",Yes,caller type,3
CVE-2016-2538,fe3c546c5ff2a6210f9a4d8561cc64051ca8603e,CWE-189,qemu,P-10;,"rndis_query_response
rndis_set_response
usb_net_handle_dataout","[""bufoffs"", ""buflen""]",rndis_query_response,947,"[""memcpy(resp + 1, infobuf, infobuflen);""]",T-1;,rndis_query_response,No,None,1
CVE-2017-5898,c7dfbf322595ded4e70b626bf83158a9f3807c6a,CWE-190,qemu,P-10;,ccid_on_apdu_from_guest,"[""len""]",,146,"[""memcpy(event->p.data.data, apdu, len);""]",T-1;,"ccid_on_apdu_from_guest
ccid_card_apdu_from_guest
 emulated_apdu_from_guest
",Yes,caller type,3
CVE-2017-5931,a08aaff811fb194950f79711d2afe5a892ae03a4,CWE-190,qemu,"P-2;
P-6;",virtio_crypto_sym_op_helper,"[""max_len""]",virtio_crypto_sym_op_helper,450,"[""op_info= g_malloc0(sizeof (CryptoDevBackendSymOpInfo) + max_len);""]",T-1;,virtio_crypto_sym_op_helper,No,None,1
CVE-2015-8666,d9a3b33d2c9f996537b7f1d0246dee2d0120cefb,CWE-787,qemu,P-2;,acpi_pm1_cnt_reset,"[""ar"", ""gpe"", ""sts"", ""en""]",acpi_pm1_cnt_reset,"[628, 629]","[""ar->gpe.sts= g_malloc0(len / 2);"", ""ar->gpe.en= g_malloc0(len / 2);""]",T-1;,acpi_pm1_cnt_reset,No,None,1
CVE-2016-5126,a6b3167fa0e825aebb5a7cd8b437b6d41584a196,CWE-787,qemu,"P-3;
P-9;",iscsi_aio_ioctl,"[""acb"", ""ioh"", ""cmd_len""]",iscsi_aio_ioctl,858,"[""memcpy(& acb->task->cdb[0], acb->ioh->cmdp, acb->ioh->cmd_len);""]",T-1;,iscsi_aio_ioctl,No,None,1
CVE-2014-0143,509a41bab5306181044b5fff02eadf96d9c8676a,CWE-190,qemu,"P-3;
P-9;",cloop_open,"[""s"", ""n_blocks""]",cloop_open,111,"[""s->offsets[i]= be64_to_cpu(s->offsets[i]);""]",T-2;,cloop_open,No,None,1
CVE-2014-0143,e3737b820b45e54b059656dc3f914f895ac7a88b,CWE-190,qemu,"P-3;
P-9;",bochs_open,"[""s"", ""catalog_size""]",bochs_open,127,"[""s->catalog_bitmap= g_malloc(s->catalog_size * 4);""]",T-1;,bochs_open,No,None,1
CVE-2014-0143,8f4754ede56e3f9ea3fd7207f4a7c4453e59285b,CWE-190,qemu,"P-9;
P-11;",bdrv_check_request,"[""nb_sectors""]",bdrv_check_request,2591,"[""return bdrv_check_byte_request(bs, sector_num * BDRV_SECTOR_SIZE, nb_sectors * BDRV_SECTOR_SIZE);""]",T-4;,bdrv_check_request,No,None,1
CVE-2012-6075,b0d9ffcd0251161c7c92f94804dcf599dfa3edeb,CWE-120,qemu,"P-9;
P-11;",e1000_receive,"[""size""]",e1000_receive,841,"[""pci_dma_write(& s->dev, le64_to_cpu(desc.buffer_addr), buf + desc_offset + vlan_offset, copy_size);""]",T-1;,e1000_receive,No,None,1
CVE-2016-7116,56f101ecce0eafd09e2daf1c4eeb1377d6959261,CWE-22,qemu,"P-2;
P-3;
P-4;
P-5;
P-7;
P-10;","v9fs_attach
name_is_illegal
v9fs_walk","[""dpath"", ""path""]",v9fs_walk,1130,"[""v9fs_path_copy(& dpath, & path);""]",T-6;,v9fs_walk,No,None,1
CVE-2017-13673,bfc56535f793c557aa754c50213fc5f882e6482d,CWE-617,qemu,P-4;,vga_draw_graphic,"[""snap""]",cpu_physical_memory_snapshot_get_dirty,1124,"[""assert(start >= snap->start);""]",T-5;,"vga_draw_graphic
memory_region_snapshot_get_dirty
cpu_physical_memory_snapshot_get_dirty",Yes,caller type,3
CVE-2015-8895,0f6fc2d5bf8f500820c3dbcf0d23ee14f2d9f734,CWE-190,ImageMagick,,ReadICONImage,"[""length""]",ReadICONImage,357,"[""png= (unsigned char *) AcquireQuantumMemory(length + 16, sizeof (* png));""]",T-4;,ReadICONImage,No,None,1
CVE-2016-5841,d8ab7f046587f2e9f734b687ba7e6e10147c294b,CWE-190,ImageMagick,"P-2;
P-11;","ReadResourceLong
ReadResourceShort
ReadProfileShort
ReadProfileLong
SyncExifProfile","[""value""]",ReadProfileShort,"[1734, 1738, 1761, 1766]","[""value= (unsigned short) ((buffer[1] << 8) | buffer[0]);"", ""value= (unsigned short) ((((unsigned char *) buffer)[0] << 8) | ((unsigned char *) buffer)[1]);"", ""value= (unsigned int) ((buffer[3] << 24) | (buffer[2] << 16) | (buffer[1] << 8) | (buffer[0]));"", ""value= (unsigned int) ((buffer[0] << 24) | (buffer[1] << 16) | (buffer[2] << 8) | buffer[3]);""]",T-4;,ReadProfileShort,No,None,1
CVE-2019-13136,fe5f4b85e6b1b54d3b4588a77133c06ade46d891,CWE-190,ImageMagick,P-9;,TIFFSeekCustomStream,"[""offset""]",TIFFSeekCustomStream,"[261, 263]","[""if ((profile->offset + offset) < 0);"", ""profile->offset+= offset;""]",T-4;,TIFFSeekCustomStream,No,None,1
CVE-2017-9499,7fd419441bc7103398e313558171d342c6315f44,CWE-617,ImageMagick,"P-3;
P-9;",ReadMPCImage,"[""image"", ""number_meta_channels""]",ReadMPCImage,695,"[""assert((ssize_t) channel < MaxPixelChannels);""]",T-5;,"InitializePixelChannelMap
SetPixelChannelAttributes
ReadImage
GetImageDecoder()
ReadStream()
ReadMPCImage",Yes,callee type,6
CVE-2017-12876,1cc6f0ccc92c20c7cab6c4a7335daf29c91f0d8e,CWE-787,ImageMagick,"P-9;
P-11;","ContrastStretchImage
EqualizeImage","[""image""]",ContrastStretchImage,"[1123, 1128]","[""black[i]= 0.0;"", ""intensity+= histogram[GetPixelChannels(image) * j + i];""]",T-2;,ContrastStretchImage,No,None,1
CVE-2017-5509,d4ec73f866a7c42a2e7f301fcd696e5cb7a7d3ab,CWE-787,ImageMagick,P-2;,WritePSDChannels,"[""image""]",WritePSDChannels,2658,"[""length= WritePSDChannel(psd_info, image_info, image, next_image, IndexQuantum, compact_pixels, rows_offset, separate, exception);""]",T-1;,WritePSDChannels,No,None,1
CVE-2017-5510,91cc3f36f2ccbd485a0456bab9aebe63b635da88,CWE-787,ImageMagick,P-2;,WritePSDChannel,"[""image""]",WritePSDChannel,"[2545, 2549]","[""length= ExportQuantumPixels(next_image, (CacheView *) NULL, quantum_info, quantum_type, pixels, exception);"", ""pixels[i]= (~pixels[i]);""]",T-2;,WritePSDChannel,No,None,1
CVE-2018-16642,cc4ac341f29fa368da6ef01c207deaf8c61f6a2e,CWE-787,ImageMagick,"P-2;
P-4;
P-8;
P-10;
P-11;",InsertRow,"[""x""]",InsertRow,"[143, 155]","[""index= ConstrainColormapIndex(image, (* p >> 6) & 0x3, exception);"", ""p++;""]",T-3;,InsertRow,No,None,1
CVE-2019-13298,d4fc44b58a14f76b1ac997517d742ee12c9dc5d3,CWE-787,ImageMagick,P-4;,EnhanceImage,"[""image""]",EnhanceImage,804,"[""pixel[image->channel_map[AlphaPixelChannel].offset]= pixel_info->alpha_trait= == UndefinedPixelTrait ? OpaqueAlpha : ClampToQuantum(pixel_info->alpha);""]",T-2;,"SetPixelViaPixelInfo
EnhanceImage",Yes,caller type,2
CVE-2019-13300,a906fe9298bf89e01d5272023db687935068849a,CWE-787,ImageMagick,"P-1;
P-2;
P-5;
P-8;
P-9;
P-10;
P-11;",AcquirePixelThreadSet,"[""image"", ""columns""]",AcquirePixelThreadSet,175,"[""pixels[i]= (PixelChannels *) AcquireQuantumMemory(image->columns, sizeof (**pixels));""]",T-2;,AcquirePixelThreadSet,No,None,1
CVE-2019-13305,29efd648f38b73a64d73f14cd2019d869a585888,CWE-787,ImageMagick,"P-1;
P-4;
P-10;",WritePNMImage,"[""extend""]",WritePNMImage,"1827
","[""(void) strncpy((char *) q, buffer, extent);""]",T-1;,WritePNMImage,No,None,1
CVE-2019-13306,e92040ea6ee2a844ebfd2344174076795a4787bd,CWE-787,ImageMagick,P-10;,WritePNMImage,"[""extend""]",WritePNMImage,1902,"[""(void) strncpy((char *) q, buffer, extent);""]",T-1;,WritePNMImage,No,None,1
CVE-2019-13307,025e77fcb2f45b21689931ba3bf74eac153afa48,CWE-787,ImageMagick,"P-2;
P-4;
P-6;
P-10;
P-11;",AcquirePixelThreadSet,"[""number_threads""]",AcquirePixelThreadSet,"[169, 559]","[""pixels= (PixelChannels **) AcquireQuantumMemory(number_threads, sizeof (* pixels));"", ""evaluate_pixel[j].channel[k]= 0.0;"", ""/ / sink点;""]",T-2;,"EvaluateImages
AcquirePixelThreadSet",Yes,callee type,2
CVE-2019-13308,61135001a625364e29bdce83832f043eebde7b5a,CWE-787,ImageMagick,"P-2;
P-4;
P-10;",ComplexImages,"[""Ai"", ""Ar"", ""Bi"", ""Br""]",ComplexImages,299,"[""Cr[i]= sqrt(Ar[i] * Ar[i] + Ai[i] * Ai[i]);""]",T-2;,ComplexImages,No,None,1
CVE-2018-14394,3a2d21bc5f97aa0161db3ae731fc2732be6108b8,CWE-369,FFmpeg,"P-3;
P-9;
P-11;",ff_mov_write_packet,"[""samples_in_chunk""]",mov_write_stsz_tag,199,"[""tst= track->cluster[i].size / track->cluster[i].entries;""]",T-17;,"mov_write_header
mov_create_chapter_track
ff_mov_write_packet
mov_write_moov_tag
mov_write_trak_tag
mov_write_mdia_tag
mov_write_minf_tag
mov_write_stbl_tag
mov_write_stsz_tag",Yes,callee type,9
CVE-2018-14395,fa19fbcf712a6a6cc5a5cfdc3254a97b9bce6582,CWE-369,FFmpeg,P-10;,mov_write_audio_tag,"[""track"", ""par"", ""channels""]",mov_write_audio_tag,1108,"[""avio_wb32(pb, track->sample_size / track->par->channels);"", ""/ * Bytes per packet * /;""]",T-17;,mov_write_audio_tag,No,None,1
CVE-2019-13454,1ddcf2e4f28029a888cadef2e757509ef5047ad8,CWE-369,ImageMagick,"P-2;
P-6;
P-8;
P-10;",RemoveDuplicateLayers,"[""curr"", ""ticks_per_second""]",RemoveDuplicateLayers,1616,"[""time= curr->delay * 1000 / curr->ticks_per_second;""]",T-17;,RemoveDuplicateLayers,No,None,1
CVE-2017-7962,ca3356eb49fee03e2eaf6b6aff826988c1122d93,CWE-369,imageworsener,"P-3;
P-9;
P-11;",iwgif_read_image,"[""rctx"", ""image_width""]",iwgif_record_pixel,"[213, 214]","[""xi= pixnum % rctx->image_width;"", ""yi= pixnum / rctx->image_width;""]",T-17;,"iwgif_read_image
lzw_process_code
lzw_emit_code
iwgif_record_pixel",Yes,caller type,4
CVE-2018-13785,8a05766cb74af05c04c53e6c9d60c13fc4d59bf2,CWE-369,libpng,P-2;,png_check_chunk_length,"[""png_ptr"", ""width"", ""channels""]",png_check_chunk_length,3177,"[""idat_limit+= 6 + 5 * (idat_limit / row_factor + 1);"", ""/ * zlib + deflate overhead * /;""]",T-17;,png_check_chunk_length,No,None,1
CVE-2018-5804,9f26ce37f5be86ea11bfc6831366558650b1f6ff,CWE-369,LibRaw,"P-2;
P-9;
P-10;","leaf_hdr_load_raw
identify","[""width""]",identify,15652,"[""switch (tiff_bps= i * 8 / (width * width)) {;""]",T-17;,identify,No,None,1
CVE-2019-1010315,4c0faba32fddbd0745cbfaf1e1aeb3da5d35b9fc,CWE-369,WavPack,"P-6;
P-9;
P-10;",ParseDsdiffHeaderConfig,"[""config"", ""num_channels""]",ParseDsdiffHeaderConfig,282,"[""total_samples= dff_chunk_header.ckDataSize / config->num_channels;""]",T-17;,ParseDsdiffHeaderConfig,No,None,1
CVE-2018-7480,9b54d816e00425c3a517514e0d677bb3cec49258,CWE-415,linux,P-3;,blkcg_init_queue,"[""new_blkg""]",blkcg_init_queue,1803,"[""blkg_free(new_blkg);""]",T-12;,blkcg_init_queue,No,None,1
CVE-2010-4169,63bfd7384b119409685a17d5c58f0b56e5dc03da,CWE-416,linux,P-4;,"mprotect_fixup
SYSCALL_DEFINE3","[""vma""]",perf_event_mmap,4117,"["".vma= vma,;""]",T-13;,"SYSCALL_DEFINE3
perf_event_mmap",Yes,caller type,2
CVE-2014-0203,86acdca1b63e6890540fa19495cfc708beff3d8b,CWE-416,linux,P-1;,__do_follow_link,"[""nd"", ""last_type""]",do_filp_open,1885,"[""__putname(nd.last.name);""]",T-12;,"__do_follow_link
do_filp_open",Yes,callee type,2
CVE-2014-4653,fd9f26e4eca5d08a27d12c0933fceef76ed9663d,CWE-416,linux,"P-1;
P-5;
P-10;","snd_ctl_add
snd_ctl_replace
snd_ctl_elem_write
snd_ctl_tlv_ioctl","[""kcontrol"", ""control""]",snd_ctl_add,362,"[""for (idx= 0;"", ""idx < kcontrol->count;"", ""idx++, id.index++, id.numid++);""]",T-13;,snd_ctl_add,No,None,1
CVE-2014-4654,82262a46627bebb0febcc26664746c25cef08563,CWE-416,linux,"P-1;
P-9;
P-11;",snd_ctl_elem_add,"[""_kctl""]",snd_ctl_free_one,280,"[""kfree(kcontrol);""]",T-12;,"snd_ctl_elem_add
snd_ctl_remove
snd_ctl_free_one",Yes,caller type,3
"CVE-2014-9940
",60a2362f769cf549dc466134efe71c8bf9fbaaba,CWE-416,linux,"P-1;
P-11;",regulator_ena_gpio_free,"[""pin""]",regulator_ena_gpio_free,1709,"[""list_for_each_entry_safe(pin, n, &;""]",T-13;,regulator_ena_gpio_free,No,None,1
CVE-2015-5706,f15133df088ecadd141ea1907f2c96df67c729f0,CWE-416,linux,P-11;,path_openat,"[""nd""]",fput,195,"[""atomic_t * v= (atomic_t *) l;""]",T-13;,"path_openat
path_cleanup
fput",Yes,caller type,3
CVE-2018-1999013,a7e032a277452366771951e29fd0bf2bd5c029f0,CWE-416,FFmpeg,P-4;,rm_read_multi,"[""mime""]",ff_rm_read_mdpr_codecdata,344,"[""ff_free_stream(s, st);""]",T-12;,"rm_read_multi
ff_rm_read_mdpr_codecdata",Yes,caller type,2
CVE-2018-16540,c432131c3fdb2143e148e8ba88555f7f7a63b25e,CWE-416,ghostpdl,"P-4;
P-9;
P-10;","x_catch_alloc
gdev_x_open","[""x_error_handler""]",gdev_x_open,277,"[""x_error_handler.orighandler= XSetErrorHandler(x_catch_free_colors);""]",T-12;,gdev_x_open,No,None,1
CVE-2018-16541,241d91112771a6104de10b3948c3f350d6690c1d,CWE-416,ghostpdl,"P-3;
P-9;",gs_main_finit,"[""i_ctx_p"", ""pgs"", ""device""]",gs_main_finit,951,"[""code= gs_closedevice(pdev);""]",T-12;,gs_main_finit,No,None,1
CVE-2017-12877,04178de2247e353fc095846784b9a10fefdbf890,CWE-416,ImageMagick,"P-1;
P-9;",RestoreMSCWarning,"[""clone_info""]",RestoreMSCWarning,"[1334, 1374]","[""clone_info= DestroyImageInfo(clone_info);"", ""DestroyImageInfo(clone_info);""]",T-12;,RestoreMSCWarning,No,None,1
CVE-2016-8674,1e03c06456d997435019fb3526fa2d4be7dbc6ec,CWE-416,mupdf,"P-1;
P-3;
P-4;
P-8;
P-9;
P-11;","pdf_dict_put
pdf_dict_put_drop
pdf_dict_get_put_drop","[""d"", ""ctx""]",pdf_drop_array,1702,"[""fz_free(ctx, DICT(obj)->items);""]",T-12;,"pdf_dict_put
pdf_drop_obj
pdf_drop_array",Yes,caller type,3
CVE-2018-1000039,4dcc6affe04368461310a21238f7e1871a752a05,CWE-416,mupdf,P-2;,begin_softmask,"[""mask_colorspace""]",fz_drop_key_storable,189,"[""if (s->storable.refs > 0);""]",T-13;,"begin_softmask
fz_drop_colorspace
fz_drop_key_storable",Yes,caller type,3
CVE-2016-6833,6c352ca9b4ee3e1e286ea9e8434bd8e69ac7d0d8,CWE-416,qemu,"P-9;
P-11;",vmxnet3_io_bar0_write,"[""s"", ""device_active""]",vmxnet3_io_bar0_write,1175,"[""assert(tx_queue_idx <= s->txq_num);""]",T-13;,vmxnet3_io_bar0_write,No,None,1
CVE-2013-0855,3920d1387834e2bc334aff9f518f4beb24e470bd,CWE-189,ffmpeg,"P-2;
P-5;
P-9;
P-11;",alac_decode_close,"[""buf_size""]",alac_decode_close,"[545, 548]","[""int buf_size= alac->max_samples_per_frame * sizeof (int32_t);"", ""FF_ALLOC_OR_GOTO(alac->avctx, alac->predict_error_buffer[ch], buf_size, buf_alloc_fail);""]",T-1;,alac_decode_close,No,None,1
CVE-2013-0859,6d1c5ea04af3e345232aa70c944de961061dab2d,CWE-189,ffmpeg,P-10;,"add_doubles_metadata
add_shorts_metadata","[""count""]",add_doubles_metadata,262,"[""dp= av_malloc(count * sizeof (double));""]",T-1;,add_doubles_metadata,No,None,1
CVE-2013-0862,f4fb841ad13bab66d4fb0c7ff2a94770df7815d8,CWE-189,ffmpeg,"P-1;
P-3;
P-9;",process_frame_obj,"[""left"", ""，"", ""w,"", ""ctx"", ""width"", ""top"", ""h,"", ""height""]",init_sizes,"[221, 237]","[""ctx->buf_size= ctx->aligned_width * ctx->aligned_height * sizeof (ctx->frm0[0]);"", ""av_fast_padded_malloc(& ctx->frm1, & ctx->frm1_size, ctx->buf_size);""]",T-1;,"process_frame_obj
init_sizes",Yes,caller type,2
CVE-2013-0864,9547034f9120187e23ad76424dd4d70247e62212,CWE-189,ffmpeg,P-2;,gif_copy_img_rect,"[""src_pb""]",gif_copy_img_rect,125,"[""src_px= src_py + l;""]",T-3;,gif_copy_img_rect,No,None,1
CVE-2013-0875,1ac0fa50eff30d413206cffa5f47f7fe6d4849b1,CWE-189,ffmpeg,"P-1;
P-10;",ff_add_png_paeth_prediction,"[""i""]",ff_add_png_paeth_prediction,"[194, 213]","[""dst[i + 0]= r= op(r, src[i + 0], last[i + 0]);"", ""\\;"", ""dst[i + j]= op(dst[i + j - bpp], src[i + j], last[i + j]);"", ""\\;""]",T-2;,ff_add_png_paeth_prediction,No,None,1
CVE-2013-0876,5260edee7e5bd975837696c8c8c1a80eb2fbd7c1,CWE-189,ffmpeg,"P-2;
P-10;","old_codec37
old_codec47","[""height""]",rle_decode,332,"[""dst+= run_len;""]",T-3;,"old_codec47
rle_decode",Yes,caller type,2
CVE-2013-2495,31a77177ff323ef83944c60a8654891213ab6691,CWE-189,ffmpeg,"P-9;
P-11;",iff_read_header,"[""data_size""]",avio_read,"[175, 521]","[""st->codec->extradata= av_malloc(data_size);"", ""memcpy(buf, s->buf_ptr, len);""]",T-1;,"iff_read_header
avio_read",Yes,caller type,2
CVE-2014-2263,842b6c14bc,CWE-119,ffmpeg,"P-8;
P-9;
P-10;
P-11;",mpegts_write_pmt,"[""q""]",mpegts_write_pmt,320,"[""* q++ = * p++;""]",T-3;,mpegts_write_pmt,No,None,1
CVE-2014-5271,52b81ff4635c077b2bc8b8d3637d933b6629d803,CWE-119,ffmpeg,"P-2;
P-3;
P-9;
P-10;
P-11;","encode_slice
encode_frame","[""pb""]",encode_vlc_codeword,344,"[""put_bits(pb, exponent - exp_order + switch_bits, 0);""]",T-3;,"encode_slice
encode_slice_plane
encode_dcs
encode_vlc_codeword",Yes,caller type,4
CVE-2014-7937,8c50704ebf1777bee76772c4835d9760b3721057,CWE-119,ffmpeg,"P-2;
P-8;
P-10;","setup_classifs
vorbis_residue_decode_internal","[""ptns_to_read""]",setup_classifs,1340,"[""vr->classifs[p + i]= temp - temp2 * vr->classifications;""]",T-2;,setup_classifs,No,None,1
CVE-2014-9317,79ceaf827be0b070675d4cd0a55c3386542defd8,CWE-119,ffmpeg,"P-3;
P-9;
P-11;",decode_ihdr_chunk,"[""s"", ""state""]",,725,"[""pd[8 * i + k - 1]= (pd[i] >> 8 - k) & 1;""]",T-2;,"decode_frame_common
decode_ihdr_chunk
handle_small_bpp
",Yes,callee type,3
CVE-2014-9318,1d3a3b9f8907625b361420d48fe05716859620ff,CWE-119,ffmpeg,"P-9;
P-11;",raw_decode,"[""context"", ""frame_size""]",raw_decode,255,"[""buf+= buf_size - context->frame_size;""]",T-3;,raw_decode,No,None,1
CVE-2014-9319,ea38e5a6b75706477898eb1e6582d667dbb9946c,CWE-119,ffmpeg,"P-3;
P-9;
P-11;",ff_hevc_decode_nal_sps,"[""sps"", ""num_long_term_ref_pics_sps""]",ff_hevc_decode_nal_sps,955,"[""sps->lt_ref_pic_poc_lsb_sps[i]= get_bits(gb, sps->log2_max_poc_lsb);""]",T-2;,ff_hevc_decode_nal_sps,No,None,1
CVE-2015-6820,79a98294da6cd85f8c86b34764c5e0c43b09eea3,CWE-119,ffmpeg,"P-1;
P-3;
P-9;","read_sbr_data
ff_sbr_apply","[""id_aac""]",sbr_dequant,1163,"[""float alpha= sbr->data[ch].bs_amp_res ? 1.0f : 0.5f;""]",T-2;,"ff_sbr_apply
sbr_dequant",Yes,caller type,2
CVE-2015-8363,44a7f17d0b20e6f8d836b2957e3e357b639f19a2,CWE-119,ffmpeg,"P-1;
P-3;
P-9;
P-11;","jpeg2000_dec_cleanup
jpeg2000_read_main_headers","[""s"", ""ncomponents"", ""flag""]",jpeg2000_read_main_headers,744,"[""tp= s->tile[Isot].tile_part + TPsot;""]",T-3;,jpeg2000_read_main_headers,No,None,1
CVE-2015-8661,4ea4d2f438c9a7eba37980c9a87be4b34943e4d5,CWE-119,ffmpeg,P-1;,h264_slice_header_init,"[""h"", ""max_contexts""]",ff_h264_execute_decode_slices,2550,"[""av_assert0(context_count && h->slice_ctx[context_count - 1].mb_y < h->mb_height);""]",T-2;,"h264_slice_header_init
ff_h264_decode_slice_header
decode_nal_units
ff_h264_execute_decode_slices",Yes,caller type,4
CVE-2015-8662,75422280fbcdfbe9dc56bde5525b4d8b280f1bc5,CWE-119,ffmpeg,"P-9;
P-11;",ff_dwt_decode,"[""s"", ""ndeclevels""]",dwt_decode53,329,"[""int w= s->linelen[s->ndeclevels - 1][0];""]",T-2;,"ff_dwt_decode
dwt_decode53",Yes,caller type,2
CVE-2016-10190,2a05c8f813de6f2278827734bf8102291e7484aa,CWE-119,ffmpeg,"P-2;
P-4;
P-6;
P-10;","http_open
parse_content_range
process_line
http_read_header
http_connect
http_buf_read
http_read_stream
store_icy
http_seek_internal
http_proxy_open","[""s"", ""filesize"", ""off"", ""target_end"", ""target"", ""remaining"", ""chunksize""]",http_buf_read,1175,"[""memcpy(buf, s->buf_ptr, len);""]",T-1;,"http_read_stream
http_buf_read",Yes,caller type,2
CVE-2016-10191,7d57ca4d9a75562fa32e40766211de150f8b3ee7,CWE-119,ffmpeg,"P-1;
P-3;
P-9;",rtmp_packet_read_one_chunk,"[""size"", ""prev_pkt"", ""channel_id""]",retry_transfer_wrapper,378,"[""ret= transfer_func(h, buf + len, size - len);""]",T-3;,"rtmp_packet_read_one_chunk
ffurl_read_complete
retry_transfer_wrapper",Yes,caller type,3
CVE-2016-10192,a5d25faa3f4b18dac737fdb35d0dd68eb0dc2156,CWE-119,ffmpeg,"P-1;
P-10;",http_receive_data,"[""c"", ""chunk_size""]",http_receive_data,2765,"[""c->buffer_ptr+= len;""]",T-3;,http_receive_data,No,None,1
CVE-2016-2213,0aada30510d809bccfd539a90ea37b61188f2cb4,CWE-119,ffmpeg,"P-2;
P-9;
P-10;",jpeg2000_decode_tile,"[""s"", ""cdef"", ""x""]",write_frame_8,1721,"[""line= (PIXEL *) picture->data[plane] + y * (picture->linesize[plane] / sizeof (PIXEL));""]",T-2;,"jpeg2000_decode_tile
write_frame_8",Yes,caller type,2
CVE-2016-2327,8f4c3e4b92212d98f5b9ca2dee13e076effe9589,CWE-119,ffmpeg,P-2;,"apng_encode_frame
encode_apng","[""size_t"", ""row_start""]",apng_encode_frame,774,"[""memset(diffFrame->data[0] + row_start, 0, bpp * last_fctl_chunk.width);""]",T-2;,apng_encode_frame,No,None,1
CVE-2016-2330,03d83ba34b2070878909eae18dfac0f519503777,CWE-119,ffmpeg,"P-2;
P-4;
P-5;","gif_image_write_image
FF_ENABLE_DEPRECATION_WARNINGS
gif_encode_close","[""2"", ""*"", ""width"", ""height""]",gif_image_write_image,188,"[""if (ref[x]= == ptr[x]);""]",T-2;,gif_image_write_image,No,None,1
CVE-2016-6920,79f52a0dbd484aad111e4bf4a4f7047c7ceb6137,CWE-119,ffmpeg,"P-3;
P-6;
P-9;",decode_block,"[""line,"", ""col""]",decode_block,1151,"[""ptr= p->data[0] + line * p->linesize[0] + (col * s->desc->nb_components * 2);""]",T-3;,decode_block,No,None,1
CVE-2017-16818,b3118cabb8060a8cc6a01c4e8264cb18e7b1745a,CWE-617,ceph,"P-3;
P-9;
P-11;","ARN::parse
parse_principal
ParseState::do_string","[""match""]",ARN::parse,224,"[""ceph_assert(match.size()= == 6);""]",T-5;,ARN::parse,No,None,1
CVE-2016-10161,16b3003ffc6393e250f069aa28a78dc5a2c064b2,CWE-125,PHP,"P-3;
P-9;
P-11;","object_common1
php_var_unserialize","[""* p""]",finish_nested_data,370,"[""if (* ((* p) ++)= == '}');""]",T-1;,"php_var_unserialize
object_common1
object_common2
finish_nested_data",Yes,callee type,4
CVE-2016-10165,5ca71a7bc18b6897ab21d815d15e218e204581e2,CWE-125,Little-CMS,"P-9;
P-11;",Type_MLU_Read,"[""Offset""]",_cmsReadWCharArray,146,"[""Array[i]= (wchar_t) tmp;""]",T-2;,"Type_MLU_Read
_cmsReadWCharArray",Yes,caller type,2
CVE-2016-10197,ec65c42052d95d2c23d1d837136d1cf1d9ecef9e,CWE-125,libevent,"P-1;
P-2;
P-9;",search_make_new,"[""base_len""]",search_make_new,3178,"[""const char need_to_append_dot= base_name[base_len - 1]= == '.' ? 0 : 1;""]",T-2;,search_make_new,No,None,1
CVE-2016-10208,3a4b77cd47bb837b8557595ec7425f281f2ca1fe,CWE-125,Linux,"P-3;
P-9;",ext4_fill_super,"[""sb""]",count_overhead,3224,"[""ext4_set_bit(EXT4_B2C(sbi, s++), buf);""]",T-1;,"ext4_fill_super
ext4_calculate_overhead
count_overhead",Yes,caller type,3
CVE-2016-10269,1044b43637fa7f70fb19b93593777b78bd20da86,CWE-125,libtiff,"P-1;
P-2;
P-3;
P-5;
P-9;","LogLuvSetupEncode
LogLuvClose","[""tif""]",TIFFmemcpy,340,"[""memcpy(d, s, (size_t) c);""]",T-1;,"TIFFWriteDirectorySec
LogLuvClose
TIFFmemcpy",Yes,callee type,3
CVE-2015-1208,3ebd76a9c57558e284e94da367dd23b435e6a6d0,CWE-191,ffmpeg,P-10;,mov_read_default,"[""total_size""]",mov_read_default,3487,"[""a.size= FFMIN(a.size, atom.size - total_size);""]",T-4;,mov_read_default,No,None,1
CVE-2010-2497,7d3d2cc4fef72c6be9c454b3809c387e12b44cfc,CWE-191,freetype2,P-10;,cff_decoder_parse_charstrings,"[""args""]",cff_builder_done,2277,"[""args-= 2 + (args[- 2] >> 16);""]",T-4;,"cff_slot_load
cff_decoder_parse_charstrings
cff_builder_done",Yes,callee type,3
CVE-2016-10166,60bfb401ad5a4a8ae995dcd36372fe15c71e1a35,CWE-191,libgd,"P-2;
P-9;
P-10;",_gdContributionsAlloc,"[""u""]",_gdContributionsAlloc,857,"[""u--;""]",T-4;,_gdContributionsAlloc,No,None,1
CVE-2016-10268,5397a417e61258c69209904e652a1f409ec3b9df,CWE-191,libtiff,"P-5;
P-9;
P-10;",DECLAREcpFunc,"[""row""]",DECLAREcpFunc,990,"[""TIFFVStripSize(in, imagelength - row) : stripsize;""]",T-4;,DECLAREcpFunc,No,None,1
CVE-2017-8062,606142af57dad981b78707234cfbd15f9f7b7125,CWE-119,linux,"P-2;
P-4;
P-6;
P-10;","su3000_i2c_transfer
su3000_streaming_ctrl
prof_7500_frontend_attach
su3000_frontend_attach
t220_frontend_attach
tt_s2_4600_frontend_attach","[""obuf"", ""ibuf""]",su3000_i2c_transfer,694,"[""memcpy(& obuf[3], msg[0].buf, msg[0].len);""]",T-1;,su3000_i2c_transfer,No,None,1
CVE-2017-8063,3f190e3aec212fc8c61e202c51400afa7384d4bc,CWE-119,linux,"P-1;
P-2;
P-6;
P-9;",cxusb_ctrl_msg,"[""rlen""]",dvb_usb_generic_rw,77,"[""ret= usb_bulk_msg(d->udev, usb_rcvbulkpipe(d->udev, d->props.generic_bulk_ctrl_endpoint_response ? d->props.generic_bulk_ctrl_endpoint_response : d->props.generic_bulk_ctrl_endpoint), rbuf, rlen, & actlen, 2000);""]",T-1;,"cxusb_ctrl_msg
dvb_usb_generic_rw",Yes,caller type,2
CVE-2017-8064,005145378c9ad7575a01b6ce1ba118fb427f583a,CWE-119,linux,"P-3;
P-4;
P-6;",dvb_usbv2_disconnect,"[""name""]",dvb_usbv2_disconnect,1026,"[""dev_info(& dev, \"" % s : ' % s' successfully deinitialized and disconnected\\n\"", KBUILD_MODNAME, name);""]",T-1;,dvb_usbv2_disconnect,No,None,1
CVE-2017-8065,3b30460c5b0ed762be75a004e924ec3f8711e032,CWE-119,linux,P-6;,crypto_ccm_auth,"[""odata"", ""idata""]",crypto_ccm_auth,"[196, 201]","[""sg_set_buf(& sg[0], odata, 16);"", ""sg_set_buf(& sg[1], idata, ilen);"", ""/ / 也是一堆赋值操作;""]",T-1;,crypto_ccm_auth,No,None,1
CVE-2017-8066,c919a3069c775c1c876bec55e00b2305d5125caa,CWE-119,linux,"P-2;
P-3;
P-6;
P-9;",gs_usb_probe,"[""hconf""]",gs_usb_probe,917,"[""rc= usb_control_msg(interface_to_usbdev(intf), usb_sndctrlpipe(interface_to_usbdev(intf), 0), GS_USB_BREQ_HOST_FORMAT, USB_DIR_OUT | USB_TYPE_VENDOR | USB_RECIP_INTERFACE, 1, intf->altsetting[0].desc.bInterfaceNumber, & hconf, sizeof (hconf), 1000);""]",T-1;,gs_usb_probe,No,None,1
CVE-2017-8067,c4baad50297d84bde1a7ad45e50c73adae4a2192,CWE-119,linux,"P-4;
P-6;",put_chars,"[""buf""]",sg_init_one,187,"[""sg_set_buf(sg, buf, buflen);""]",T-1;,"put_chars
sg_init_one",Yes,caller type,2
CVE-2017-8068,5593523f968bc86d42a035c6df47d5e0979b5ace,CWE-119,linux,"P-1;
P-3;
P-4;
P-5;
P-8;
P-9;","get_registers
set_registers
set_register","[""buf""]",get_registers,131,"[""ret= usb_control_msg(pegasus->usb, usb_rcvctrlpipe(pegasus->usb, 0), PEGASUS_REQ_GET_REGS, PEGASUS_REQT_READ, 0, indx, data, size, 1000);""]",T-1;,get_registers,No,None,1
CVE-2017-8069,7926aff5c57b577ab0f43364ff0c59d968f6a414,CWE-119,linux,"P-1;
P-3;
P-4;
P-5;
P-8;
P-9;","get_registers
set_registers","[""data""]",get_registers,158,"[""return usb_control_msg(dev->udev, usb_rcvctrlpipe(dev->udev, 0), RTL8150_REQ_GET_REGS, RTL8150_REQT_READ, indx, 0, data, size, 500);""]",T-1;,get_registers,No,None,1
CVE-2017-8070,2d6a0e9de03ee658a9adc3bfb2f0ca55dff1e478,CWE-119,linux,"P-1;
P-3;
P-4;
P-5;
P-9;",catc_probe,"[""i""]",catc_ctrl_msg,475,"[""int retval= usb_control_msg(catc->usbdev, dir ? usb_rcvctrlpipe(catc->usbdev, 0) : usb_sndctrlpipe(catc->usbdev, 0), request, 0x40 | dir, value, index, buf, len, 1000);""]",T-1;,"catc_probe
catc_ctrl_msg",Yes,caller type,2
CVE-2014-8546,e7e5114c506957f40aafd794e06de1a7e341e9d5,CWE-189,ffmpeg,P-6;,cinepak_decode_vectors,"[""y""]",cinepak_decode_vectors,149,"[""if (s->avctx->height - y > 1) {;""]",T-4;,cinepak_decode_vectors,No,None,1
CVE-2014-9604,3881606240953b9275a247a1c98a567f3c44890f,CWE-189,ffmpeg,"P-9;
P-11;","restore_median
restore_median_il","[""slice_height""]",restore_median,"[224, 280]","[""bsrc[i]+= A;""]",T-2;,restore_median,No,None,1
CVE-2015-6819,84afc6b70d24fc0bf686e43138c96cf60a9445fe,CWE-189,ffmpeg,"P-2;
P-9;",ff_mjpeg_decode_frame,"[""w""]",ff_mjpeg_decode_frame,"[2199, 2202]","[""((uint16_t *) line)[w - 2]= ((uint16_t *) line)[(w - 1) / 3];"", ""line[w - 2]= line[(w - 1) / 3];""]",T-2;,ff_mjpeg_decode_frame,No,None,1
CVE-2017-9992,f52fbf4f3ed02a7d872d8a102006f29b4421f360,CWE-119,ffmpeg,P-10;,decode_dds1,"[""frame""]",decode_dds1,184,"[""frame[width]= frame[width + 1]= bytestream2_get_byte(gb);""]",T-2;,decode_dds1,No,None,1
CVE-2017-9995,2171dfae8c065878a2e130390eb78cf2947a5b69,CWE-119,ffmpeg,"P-9;
P-11;",decode_unit,"[""x,"", ""c""]",decode_unit,"[268, 269]","[""pixel->freq[c]= cnt_c + step;"", ""pixel->lookup[x]= cnt_x + step;""]",T-2;,decode_unit,No,None,1
CVE-2017-9995,7ac5067146613997bb38442cb022d7f41321a706,CWE-119,ffmpeg,"P-9;
P-11;",decompress_i,"[""y""]",decompress_i,337,"[""dst[y * linesize + x]= clr;""]",T-2;,decompress_i,No,None,1
CVE-2017-9996,1e42736b95065c69a7481d0cf55247024f54b660,CWE-119,ffmpeg,P-10;,cdxl_decode_frame,"[""c"", ""format""]",chunky2chunky,118,"[""bytestream2_get_buffer(& gb, out + linesize * y, c->avctx->width * 3);""]",T-2;,"cdxl_decode_frame
cdxl_decode_ham8
chunky
chunky2chunky",Yes,caller type,4
CVE-2017-17052,2b7e8665b4ff51c034c55df3cff76518d1a9ee3a,CWE-416,linux,P-3;,mm_init,"[""mm"", ""exe_file""]",set_mm_exe_file,969,"[""rcu_assign_pointer(mm->exe_file, new_exe_file);""]",T-13;,"mm_init
dup_mm
mmput
__mmput
set_mm_exe_file",Yes,callee type,5
CVE-2017-18202,687cb0884a714ff484d038e9190edc874edcf146,CWE-416,linux,P-4;,__oom_reap_task_mm,"[""tlb""]",arch_tlb_finish_mmu,291,"[""free_pages((unsigned long) batch, 0);""]",T-12;,"__oom_reap_task_mm
tlb_finish_mmu
arch_tlb_finish_mmu ",Yes,caller type,3
CVE-2017-18218,27463ad99f738ed93c7c8b3e2e5bc8c4853a2ff2,CWE-416,linux,"P-1;
P-3;
P-5;
P-8;
P-9;
P-11;","hns_nic_net_xmit_hw
hns_nic_net_xmit","[""skb""]",hns_nic_net_xmit_hw,1479,"[""ndev->stats.tx_bytes+= skb->len;""]",T-13;,hns_nic_net_xmit_hw,No,None,1
CVE-2018-10675,73223e4e2e3867ebf033a5a8eb2e5df0158ccc99,CWE-416,linux,"P-3;
P-9;",do_get_mempolicy,"[""vma""]",do_get_mempolicy,154,"[""return pol->flags & MPOL_MODE_FLAGS;""]",T-13;,do_get_mempolicy,No,None,1
CVE-2017-13038,7335163a6ef82d46ff18f3e6099a157747241629,CWE-125,tcpdump,P-9;,handle_mlppp,"[""* p""]",handle_mlppp,815,"[""(EXTRACT_16BITS(p)) & 0x0fff,;""]",T-1;,handle_mlppp,No,None,1
CVE-2017-13039,e0a5a02b0fc1900a69d6c37ed0aab36fb8494e6d,CWE-125,tcpdump,P-10;,"ikev1_attrmap_print
ikev1_attr_print
ikev1_t_print
ikev1_n_print
ikev2_t_print","[""p [ 0 ]"", ""p [ 2 ]""]",ikev1_t_print,"[924, 931, 938, 960, 967]","[""totlen= 4 + EXTRACT_16BITS(& p[2]);"", ""t= EXTRACT_16BITS(& p[0]) & 0x7fff;"", ""v= EXTRACT_16BITS(& p[2]);"", ""totlen= 4 + EXTRACT_16BITS(& p[2]);"", ""t= EXTRACT_16BITS(& p[0]) & 0x7fff;""]",T-1;,"ikev1_attrmap_print
ikev1_t_print",Yes,caller type,2
CVE-2017-13040,4c3aee4bb0294c232d56b6d34e9eeb74f630fe8c,CWE-125,tcpdump,P-10;,"mp_capable_print
mp_join_print
mp_dss_len
 mp_dss_print","[""opt"", ""opt_len""]",mp_dss_print,"[285, 296]","[""opt+= 8;""]",T-2;,"mp_dss_len
mp_dss_print",Yes,caller type,2
CVE-2017-13041,f4b9e24c7384d882a7f434cc7413925bf871d63e,CWE-125,tcpdump,P-3;,icmp6_nodeinfo_print,"[""ni6"", ""cp [ 0 ]""]",icmp6_nodeinfo_print,"[1705, 1756]","[""switch (ni6->ni_code) {;"", ""if (cp[0]= == ep - cp - 1) {;""]",T-3;,icmp6_nodeinfo_print,No,None,1
CVE-2017-13043,d515b4b4a300479cdf1a6e0d1bb95bc1f9fee514,CWE-125,tcpdump,"P-2;
P-4;",decode_multicast_vpn,"[""pptr""]",bgp_vpn_sg_print,"[974, 684]","[""pptr+= BGP_VPN_RD_LEN;"", ""addr_length= * pptr++;""]",T-2;,"decode_multicast_vpn
bgp_vpn_sg_print",Yes,caller type,2
CVE-2017-13045,3b36ec4e713dea9266db11975066c425aa669b6c,CWE-125,tcpdump,"P-2;
P-9;",vqp_print,"[""tlen"", ""tptr""]",vqp_print,"[154, 173]","[""vqp_obj_type= EXTRACT_32BITS(vqp_obj_tlv->obj_type);"", ""ND_PRINT((ndo, \"" % s(0x % 08x) \"", ipaddr_string(ndo, tptr),;"", ""EXTRACT_32BITS(tptr)));""]",T-1;,vqp_print,No,None,1
CVE-2017-13046,d10a0f980fe8f9407ab1ffbd612641433ebe175e,CWE-125,tcpdump,P-4;,bgp_attr_print,"[""tptr""]",,"2126
","[""tunnel_type= * (tptr + 1);""]",T-2;,"bgp_attr_print
",No,None,1
CVE-2017-13047,331530a4076c69bbd2e3214db6ccbe834fb75640,CWE-125,tcpdump,P-4;,esis_print,"[""tptr""]",esis_print,"1338
","[""ND_PRINT((ndo, \"" % s(0x % 02x) \"", tok2str(nlpid_values, \""unknown\"", * tptr), * tptr));""]",T-2;,esis_print,No,None,1
CVE-2017-13048,3c8a2b0e91d8d8947e89384dacf6b54673083e71,CWE-125,tcpdump,P-2;,rsvp_obj_print,"[""obj_tptr"", ""obj_ptr"", ""rsvp_obj_frr"", ""obj_tlen""]",rsvp_obj_print,1475,"[""bw.i= EXTRACT_32BITS(obj_ptr.rsvp_obj_frr->bandwidth);""]",T-1;,rsvp_obj_print,No,None,1
CVE-2017-13049,aa0858100096a3490edf93034a80e66a4d61aad5,CWE-125,tcpdump,P-3;,ubik_print,"[""bp""]",ubik_print,"2580
","[""temp= EXTRACT_32BITS(bp);""]",T-1;,ubik_print,No,None,1
CVE-2017-13053,bd4e697ebd6c8457efa8f28f6831fc929b88a014,CWE-125,tcpdump,"P-1;
P-3;
P-4;",decode_rt_routing_info,"[""pptr""]",decode_rt_routing_info,783,"[""memcpy(& route_target, & pptr[1], (plen + 7) / 8);""]",T-1;,decode_rt_routing_info,No,None,1
CVE-2017-13054,e6511cc1a950fe1566b2236329d6b4bd0826cc7a,CWE-125,tcpdump,P-9;,lldp_private_8023_print,"[""tlv - len"", ""tptr""]",lldp_private_8023_print,901,"[""ND_PRINT((ndo, \""\\n\\t MTU size % u\"", EXTRACT_16BITS(tptr + 4)));""]",T-1;,lldp_private_8023_print,No,None,1
CVE-2017-13055,5d0d76e88ee2d3236d7e032589d6f1d4ec5f7b1e,CWE-125,tcpdump,"P-3;
P-9;",isis_print_is_reach_subtlv,"[""tptr"", ""subl""]",isis_print_is_reach_subtlv,1866,"[""tok2str(diffserv_te_bc_values, \""unknown\"", * tptr),;""]",T-2;,isis_print_is_reach_subtlv,No,None,1
CVE-2017-13690,8dca25d26c7ca2caf6138267f6f17111212c156e,CWE-125,tcpdump,"P-1;
P-4;
P-5;","ikev2_ke_print
ikev2_ID_print
ikev2_auth_print","[""ext""]",ikev2_ke_print,"[2174, 2204, 2307]","[""UNALIGNED_MEMCPY(& ke, ext, sizeof (ke));"", ""UNALIGNED_MEMCPY(& id, ext, sizeof (id));"", ""UNALIGNED_MEMCPY(& a, ext, sizeof (a));""]",T-1;,ikev2_ke_print,No,None,1
CVE-2011-3191,9438fabb73eb48055b58b89fc51e0bc4db22fabd,CWE-119,linux,P-6;,CIFSFindNext,"[""name_len""]",CIFSFindNext,"4125
","[""memcpy(pSMB->ResumeFileName, psrch_inf->presume_name, name_len);""]",T-1;,CIFSFindNext,No,None,1
CVE-2011-3209,f8bd2258e2d520dff28c855658bd24bdafb5102d,CWE-189,linux,"P-1;
P-2;
P-3;
P-4;
P-10;",jiffies_to_compat_timeval,"[""rem"", ""nsec"", ""tp"", ""tv_sec"", ""new_setting"", ""n"", ""time_offset"", ""cpu"", ""sched"", ""tv_nsec"", ""l"", ""remainder"", ""ts"", ""value"", ""tv_usec""]",jiffies_to_compat_timeval,"[106, 108, 648, 475, 488, 662, 663, 348, 51, 3628, 399, 532, 573]","[""1.value->tv_sec= div_long_long_rem(nsec, NSEC_PER_SEC, & rem);"", ""2.value->tv_sec= div_long_long_rem(nsec, NSEC_PER_SEC, & rem);"", ""3.#define ns_to_timespec(ts, nsec) (ts).tv_sec= div_long_long_rem(nsec, NSEC_PER_SEC, & (ts).tv_nsec);"", ""tp->tv_sec= div_long_long_rem(nsec, NSEC_PER_SEC, & tp->tv_nsec) - + sgi_clock_offset.tv_sec;"", ""sgi_clock_offset.tv_sec= tp->tv_sec - div_long_long_rem(nsec, NSEC_PER_SEC, & rem);"", ""ns_to_timespec(cur_setting->it_interval, timr->it.mmtimer.incr * sgi_clock_period);"", ""ns_to_timespec(cur_setting->it_value, (timr->it.mmtimer.expires - rtc_time()) * sgi_clock_period);"", ""4.time_offset= div_long_long_rem_signed(time_offset, NTP_INTERVAL_FREQ, & rem);"", ""5.tp->tv_sec= div_long_long_rem(cpu.sched, NSEC_PER_SEC, & tp->tv_nsec);"", ""6.div_long_long_rem(l->sum_time, l->count, & remainder),;"", ""7.ts.tv_sec= div_long_long_rem_signed(nsec, NSEC_PER_SEC, & ts.tv_nsec);"", ""value->tv_sec= div_long_long_rem(nsec, NSEC_PER_SEC, & value->tv_nsec);"", ""value->tv_sec= div_long_long_rem(nsec, NSEC_PER_SEC, & tv_usec);""]",T-4;,jiffies_to_compat_timeval,No,None,1
CVE-2011-3353,c2183d1e9b3f313dd8ba2b1b0197c8d9fb86a7ae,CWE-120,linux,"P-1;
P-9;",fuse_notify_inval_entry,"[""cs"", ""size""]",fuse_copy_do,656,"[""memcpy(cs->buf, * val, ncpy);""]",T-1;,"fuse_notify_inval_entry
fuse_copy_one
fuse_copy_do",Yes,caller type,3
CVE-2011-3359,c85ce65ecac078ab1a1835c87c4a6319cf74660a,CWE-119,linux,P-10;,dma_rx,"[""len"", ""ring"", ""frameoffset"", ""rx_buffersize""]",skb_put,1007,"[""skb->tail+= len;""]",T-3;,"dma_rx
skb_put",Yes,caller type,2
CVE-2014-3145,05ab8f2647e4221cbdb3856dd7d32bd5407316b3,CWE-125,linux,"P-9;
P-10;","__skb_get_nlattr
__skb_get_nlattr_nest","[""nla""]",__skb_get_nlattr,"[608, 630]","[""608 return (void *) nla - (void *) skb->data;"", ""630 return (void *) nla - (void *) skb->data;""]",T-3;,__skb_get_nlattr,No,None,1
CVE-2014-3181,c54def7bd64d7c0b6993336abcffb8444795bf38,CWE-119,linux,P-9;,magicmouse_raw_event,"[""size"", ""npoints""]",magicmouse_emit_touch,209,"[""msc->tracking_ids[raw_id]= id;""]",T-2;,"magicmouse_raw_event
magicmouse_emit_touch",Yes,caller type,2
CVE-2014-3182,ad3e14d7c5268c2e24477c6ef54bbdf88add5d36,CWE-119,linux,P-9;,"logi_dj_recv_add_djhid_device
logi_dj_raw_event","[""dj_report""]",logi_dj_recv_add_djhid_device,302,"[""djrcv_dev->paired_dj_devices[dj_report->device_index]= NULL;"", ""kfree(dj_dev);""]",T-2;,logi_dj_recv_add_djhid_device,No,None,1
CVE-2014-3183,51217e69697fba92a06e07e16f55c9a52d8e8945,CWE-119,linux,P-10;,logi_dj_ll_raw_request,"[""count""]",logi_dj_ll_raw_request,565,"[""memcpy(out_buf + 2, buf, count);""]",T-1;,logi_dj_ll_raw_request,No,None,1
CVE-2014-3185,6817ae225cd650fb1c3295d769298c38b1eba818,CWE-119,linux,"P-9;
P-10;",command_port_read_callback,"[""urb"", ""actual_length"", ""command_info"", ""result_buffer""]",command_port_read_callback,538,"[""memcpy(command_info->result_buffer, & data[1], urb->actual_length - 1);""]",T-1;,command_port_read_callback,No,None,1
CVE-2014-3186,844817e47eef14141cf59b8d5ac08dd11c0a9189,CWE-119,linux,P-9;,picolcd_raw_event,"[""size""]",picolcd_raw_event,365,"[""memcpy(data->pending->raw_data, raw_data + 1, size - 1);""]",T-1;,picolcd_raw_event,No,None,1
CVE-2014-7825,086ba77a6db00ed858ff07451bedee197df868c9,CWE-125,linux,P-9;,"ftrace_syscall_enter
ftrace_syscall_exit
perf_syscall_enter
perf_syscall_exit","[""syscall_nr""]",ftrace_syscall_enter,"[320, 367]","[""ftrace_file= rcu_dereference_sched;"", ""(tr->enter_syscall_files[syscall_nr]);""]",T-2;,ftrace_syscall_enter,No,None,1
CVE-2016-10028,abd7f08b2353f43274b785db8c7224f082ef4d31,CWE-125,qemu,"P-1;
P-9;",virgl_cmd_get_capset,"[""resp""]",virgl_cmd_get_capset,374,"[""resp= g_malloc(sizeof (* resp) + max_size);""]",T-1;,virgl_cmd_get_capset,No,None,1
CVE-2016-6491,dd84447b63a71fa8c3f47071b09454efc667767b,CWE-125,ImageMagick,P-9;,Get8BIMProperty,"[""count"", ""length""]",Get8BIMProperty,698,"[""attribute[count]= '\\0';""]",T-2;,Get8BIMProperty,No,None,1
CVE-2016-6520,76401e172ea3a55182be2b8e2aca4d07270f6da6,CWE-125,ImageMagick,P-9;,"ContrastStretchImage
EqualizeImage","[""image""]",ContrastStretchImage,"[1105, 1587]","[""histogram[GetPixelChannels(image) * ScaleQuantumToMap(ClampToQuantum(pixel)) + i] ++;"", ""histogram[GetPixelChannels(image) * ScaleQuantumToMap(intensity) + i] ++;""]",T-2;,ContrastStretchImage,No,None,1
CVE-2016-7799,a7bb158b7bedd1449a34432feb3a67c8f1873bfa,CWE-125,ImageMagick,P-10;,SyncExifProfile,"[""format""]",SyncExifProfile,2040,"[""number_bytes= (size_t) components * format_bytes[format];""]",T-2;,SyncExifProfile,No,None,1
CVE-2019-13302,d5089971bd792311aaab5cb73460326d7ef7f32d,CWE-125,ImageMagick,"P-2;
P-10;
P-11;",ComplexImages,"[""i""]",ComplexImages,272,"[""Cr[i]= Ar[i] + Br[i];""]",T-2;,ComplexImages,No,None,1
CVE-2019-13391,7c2c5ba5b8e3a0b2b82f56c71dfab74ed4006df7,CWE-125,ImageMagick,P-2;,ComplexImages,"[""Ar"", ""Ai"", ""Br"", ""Bi""]",ComplexImages,272,"[""Cr[i]= Ar[i] + Br[i];"", ""Ci[i]= Ai[i] + Bi[i];""]",T-2;,ComplexImages,No,None,1
CVE-2013-7010,454a11a1c9c686c78aa97954306fb63453299760,CWE-189,ffmpeg,P-10;,"add_bytes_c
diff_bytes_c","[""i，w""]",add_bytes_c,"[1937, 1940, 1962, 1965]","[""* (long *) (dst + i)= ((a & pb_7f) + (b & pb_7f)) ^ ((a ^ b) & pb_80);"", ""dst[i + 0]+= src[i + 0];"", ""* (long *) (dst + i)= ((a | pb_80) - (b & pb_7f)) ^ ((a ^ b ^ pb_80) & pb_80);"", ""dst[i + 0]= src1[i + 0] - src2[i + 0];""]",T-2;,add_bytes_c,No,None,1
CVE-2013-7013,821a5938d100458f4d09d634041b05c860554ce0,CWE-189,ffmpeg,P-2;,g2m_init_buffers,"[""c"", ""tile_stride"", ""tile_width""]",g2m_init_buffers,"[462, 463]","[""c->synth_tile= av_mallocz(c->tile_stride * aligned_height);"", ""c->jpeg_tile= av_mallocz(c->tile_stride * aligned_height);""]",T-1;,g2m_init_buffers,No,None,1
CVE-2013-7014,86736f59d6a527d8bc807d09b93f971c0fe0bb07,CWE-189,ffmpeg,P-10;,add_bytes_l2_c,"[""i，w""]",add_bytes_l2_c,"[37, 40]","[""* (long *) (dst + i)= ((a & pb_7f) + (b & pb_7f)) ^ ((a ^ b) & pb_80);"", ""dst[i]= src1[i] + src2[i];""]",T-2;,add_bytes_l2_c,No,None,1
CVE-2014-2099,c919e1ca2ecfc47d796382973ba0e48b8f6f92a2,CWE-189,ffmpeg,P-2;,msrle_decode_frame,"[""linesize""]",msrle_decode_frame,128,"[""memcpy(ptr, buf, linesize);""]",T-1;,msrle_decode_frame,No,None,1
CVE-2013-0874,e1219cdaf9fb4bc8cea410e1caf802373c1bfe51,CWE-119,ffmpeg,"P-2;
P-3;
P-5;
P-6;
P-9;","doubles2str
shorts2str","[""component_len""]",doubles2str,"[224, 246]","[""ap= av_malloc(component_len * count);"", ""ap= av_malloc((5 + strlen(sep)) * count);""]",T-1;,doubles2str,No,None,1
CVE-2013-0878,f5955d9f6f9ffdb81864c3de1c7b801782a55725,CWE-119,ffmpeg,P-10;,advance_line,"[""y""]",targa_decode_rle,91,"[""memcpy(dst, tmp, depth);""]",T-1;,"advance_line
targa_decode_rle",Yes,callee type,2
CVE-2013-3670,0baa0a5a02e16ef097ed9f72bc8a7d7b585c7652,CWE-119,ffmpeg,"P-6;
P-10;",rle_unpack,"[""i，l，j，dest_end，pd，ps_end，ps""]",rle_unpack,187,"[""memcpy(pd, ps, l);""]",T-1;,rle_unpack,No,None,1
CVE-2013-7022,e07ac727c1cc9eed39e7f9117c97006f719864bd,CWE-119,ffmpeg,P-2;,g2m_init_buffers,"[""c"", ""framebuf_stride"", ""aligned_height""]",g2m_init_buffers,449,"[""c->framebuf= av_mallocz(c->framebuf_stride * aligned_height);""]",T-1;,g2m_init_buffers,No,None,1
CVE-2013-7023,f31011e9abfb2ae75bb32bc44e2c34194c8dc40a,CWE-119,ffmpeg,P-1;,ff_combine_frame,"[""new_buffer"", ""pc"", ""index"", ""overread_index""]",ff_combine_frame,243,"[""memcpy(& pc->buffer[pc->index], * buf, * buf_size);""]",T-2;,ff_combine_frame,No,None,1
CVE-2018-15822,6b67d7f05918f7a1ee8fc6ff21355d7e8736aa10,CWE-617,Ffmpeg,"P-3;
P-9;
P-11;",flv_write_packet,"[""par"", ""codec_type"", ""pkt"", ""size""]",flv_write_packet,941,"[""av_assert0(size);""]",T-5;,flv_write_packet,No,None,1
CVE-2018-17204,4af6da3b275b764b1afe194df6499b33d2bf4cde,CWE-617,ovs,"P-3;
P-11;",parse_group_prop_ntr_selection_method,"[""无关键变量""]",parse_group_prop_ntr_selection_method,"[8944, 8959]","[""OVS_NOT_REACHED();"", ""OVS_NOT_REACHED();""]",T-5;,parse_group_prop_ntr_selection_method,No,None,1
CVE-2018-17205,0befd1f3745055c32940f5faf9559be6a14395e6,CWE-617,ovs,P-4;,ofproto_rule_insert__,"[""rule"", ""state""]",ofproto_rule_insert__,8468,"[""ovs_assert(rule->state= == RULE_INITIALIZED);""]",T-5;,ofproto_rule_insert__,No,None,1
CVE-2016-3178,b238cade9a173c6f751a34acf8ccff838a62aa47,CWE-125,miniupnp,P-10;,processRequest,"[""l""]",processRequest,"[964, 986, 1004, 1022]","[""memcpy(newserv->st, p, l);"", ""memcpy(newserv->usn, p, l);"", ""memcpy(newserv->server, p, l);"", ""memcpy(newserv->location, p, l);""]",T-1;,processRequest,No,None,1
CVE-2015-3456,e907746266721f305d67bc0718795fedee2e824c,CWE-119,qemu,"P-1;
P-2;
P-5;
P-6;
P-9;
P-10;","fdctrl_read_data
fdctrl_handle_drive_specification_command
fdctrl_write_data","[""fdctrl"", ""fifo"", ""data_pos""]",fdctrl_write_data,2007,"[""fdctrl->fifo[fdctrl->data_pos++]= value;""]",T-2;,fdctrl_write_data,No,None,1
CVE-2016-2857,362786f14a753d8a5256ef97d7c10ed576d6572b,CWE-119,qemu,"P-9;
P-10;",net_checksum_calculate,"[""hlen""]",net_checksum_calculate,83,"[""data[14 + hlen + csum_offset]= 0;""]",T-2;,net_checksum_calculate,No,None,1
CVE-2018-20815,da885fe1ee8b4589047484bd7fa05a4905b52b17,CWE-119,qemu,P-2;,load_device_tree,"[""dt_file_load_size""]",load_device_tree,94,"[""dt_file_load_size= load_image(filename_path, fdt);""]",T-1;,load_device_tree,No,None,1
CVE-2017-5511,c8c6a0f123d5e35c173125365c97e2c0fc7eca42,CWE-119,ImageMagick,P-2;,ReadPSDLayers,"[""length""]",ReadPSDLayers,1698,"[""layer_info[i].name[length]= '\\0';""]",T-2;,ReadPSDLayers,No,None,1
CVE-2018-7757,4a491b1ab11ca0556d2fda1ff1301e862a2d44c4,CWE-772,linux,P-3;,sas_smp_get_phy_events,"[""req""]",sas_smp_get_phy_events,699,"[""return res;""]",T-10;,sas_smp_get_phy_events,No,None,1
CVE-2016-2106,3f3582139fbb259a1c3cbb0a25236500a409bf26,CWE-189,openssl,P-10;,EVP_EncryptUpdate,"[""ctx / in / inl""]",EVP_EncryptUpdate,336,"[""memcpy(& (ctx->buf[i]), in, inl);""]",T-1;,EVP_EncryptUpdate,No,None,1
CVE-2016-2108,3661bb4e7934668bd99ca777ea8b30eedfafa871,CWE-119,openssl,P-10;,"i2c_ASN1_INTEGER
BN_to_ASN1_INTEGER","[""i""]",i2c_ASN1_INTEGER,166,"[""* (p--)= 0;""]",T-3;,i2c_ASN1_INTEGER,No,None,1
CVE-2016-2176,2919516136a4227d9e6d8f2fe66ef976aaf8c561,CWE-119,openssl,P-4;,X509_NAME_oneline,"[""num""]",ascii2ebcdic,278,"[""* udest++ = os_toebcdic[* usrce++];""]",T-3;,"X509_NAME_oneline
ascii2ebcdic",Yes,caller type,2
CVE-2016-2177,a004e72b95835136d3f1ea90517f706c24c03da7,CWE-190,openssl,"P-2;
P-10;","ssl3_get_client_hello
","[""n, p, d""]",ssl3_get_client_hello,983,"[""if (p + SSL3_RANDOM_SIZE + session_length + 1 >= d + n) {;""]",T-4;,ssl3_get_client_hello,No,None,1
CVE-2016-2181,1fb9fdc3027b27d8eb6a1e6a846435b070980770,CWE-189,openssl,"P-3;
P-10;","ssl3_cbc_copy_mac
dtls1_process_record
dtls1_get_record","[""第二组diff - old - new的s""]",dtls1_get_record,1608,"[""dtls1_record_bitmap_update(s, bitmap);""]",T-1;,dtls1_get_record,No,None,1
CVE-2016-2182,07bed46f332fce8c1d157689a2cdf915a982ae34,CWE-787,openssl,"P-2;
P-4;
P-9;",BN_bn2dec,"[""bn_data""]",BN_bn2dec,95,"[""* lp= BN_div_word(t, BN_DEC_CONV);""]",T-1;,BN_bn2dec,No,None,1
CVE-2012-1146,371528caec553785c37f73fa3926ea0de84f986f,CWE-476,linux,P-9;,mem_cgroup_usage_unregister_event,"[""thresholds"", ""primary""]",mem_cgroup_usage_unregister_event,"[4424, 4425]","[""for (i= 0;"", ""i < thresholds->primary->size;"", ""i++) {;"", ""if (thresholds->primary->entries[i].eventfd != eventfd);""]",T-14;,mem_cgroup_usage_unregister_event,No,None,1
CVE-2013-7339,c2349758acf1874e4c2b93fe41d072336f1a31d0,CWE-476,linux,P-10;,rds_ib_laddr_check,"[""cm_id"", ""device""]",rds_ib_laddr_check,341,"[""if (ret || cm_id->device->node_type != RDMA_NODE_IB_CA);""]",T-14;,rds_ib_laddr_check,No,None,1
CVE-2014-7826,086ba77a6db00ed858ff07451bedee197df868c9,CWE-476,linux,P-10;,"ftrace_syscall_enter
ftrace_syscall_exit
perf_syscall_enter
perf_syscall_exit","[""syscall_nr""]",ftrace_syscall_exit,382,"[""event= trace_buffer_lock_reserve(buffer, sys_data->exit_event->event.type, sizeof (* entry), irq_flags, pc);""]",T-14;,ftrace_syscall_exit,No,None,1
CVE-2015-8970,dd504589577d8e8e70f51f997ad487a4cb6c026f,CWE-476,linux,"P-1;
P-3;
P-4;
P-8;
P-9;","skcipher_bind
skcipher_release
skcipher_setkey
skcipher_accept_parent","[""private""]",skcipher_accept_parent,801,"[""ctx->iv= sock_kmalloc(sk, crypto_skcipher_ivsize(private), GFP_KERNEL);""]",T-14;,skcipher_accept_parent,No,None,1
CVE-2016-10147,48a992727d82cb7db076fa15d372178743b1f4cd,CWE-476,linux,"P-2;
P-8;
P-9;","mcryptd_check_internal
mcryptd_create_hash","[""type"", ""mask"", ""tb""]",mcryptd_create_hash,497,"[""halg= ahash_attr_alg(tb[1], type, mask);""]",T-14;,mcryptd_create_hash,No,None,1
CVE-2016-3070,42cb14b110a5698ccf26ce59c4441722605a3743,CWE-476,linux,"P-1;
P-3;
P-9;","migrate_page_move_mapping
migrate_page_copy","[""newpage""]",migrate_page_copy,537,"[""SetPageDirty(newpage);""]",T-14;,"migrate_page
migrate_page_move_mapping
migrate_page_copy",Yes,callee type,3
CVE-2016-8669,3592fe0c919cf27a81d8e9f9b4f269553418bb01,CWE-369,QEMU,P-10;,serial_update_parameters,"[""s"", ""divider""]",serial_update_parameters,183,"[""s->char_transmit_time= (NANOSECONDS_PER_SECOND / speed) * frame_size;""]",T-17;,serial_update_parameters,No,None,1
CVE-2018-1002209,5d2fc16a1976e5bf78d2927b012f67a2ae047a98,CWE-22,QuaZIP,P-4;,JlCompress::extractDir,"[""absFilePath""]",JlCompress::extractDir,380,"[""extracted.append(absFilePath);""]",T-6;,JlCompress::extractDir,No,None,1
CVE-2018-12559,afc4f8315d3e96574925fb530a7004cc9e6ce3d3,CWE-22,Cantata,"P-3;
P-11;",Mounter::mount,"[""mp""]",Mounter::mount,"[138, 301]","[""proc->setProperty(\""mp\"", mountPoint);"", ""mounter()->mount(det.url.toString(), mountPoint(details, true), getuid(), getgid(), getpid());""]",T-6;,Mounter::mount,No,None,1
CVE-2017-7865,2080bc33717955a0e4268e738acf8c1eeddbf8cb,CWE-787,FFmpeg,"P-9;
P-10;",avcodec_align_dimensions2,"[""w_align"", ""h_align""]",avcodec_align_dimensions2,414,"[""* width= FFALIGN(* width, w_align);"", ""* height= FFALIGN(* height, h_align);""]",T-1;,avcodec_align_dimensions2,No,None,1
CVE-2017-7866,e371f031b942d73e02c090170975561fabd5c264,CWE-787,FFmpeg,"P-2;
P-4;
P-10;",decode_zbuf,"[""buf_size""]",decode_zbuf,456,"[""ret= inflate(& zstream, Z_PARTIAL_FLUSH);""]",T-1;,decode_zbuf,No,None,1
CVE-2017-7870,62a97e6a561ce65e88d4c537a1b82c336f012722,CWE-787,LibreOffice,"P-10;
P-11;","ImplPolygon::ImplSplit
Polygon::Insert","[""nPos""]",Polygon::Insert,1476,"[""mpImplPolygon->mpPointAry[nPos]= rPt;""]",T-2;,Polygon::Insert,No,None,1
CVE-2017-7875,f7a547b7ef8fc8ebdeaa4c28515c9d72e592fb6d,CWE-787,feh,P-6;,enl_ipc_get,"[""len""]",enl_ipc_get,"[814, 818]","[""strcat(message, buff);"", ""strcpy(message, buff);""]",T-1;,enl_ipc_get,No,None,1
CVE-2017-8105,f958c48ee431bef8d4d466b40c9cb2d4dbcb7791,CWE-787,FreeType2,P-9;,t1_decoder_parse_charstrings,"[""builder""]",t1_builder_add_point,1626,"[""outline->n_points++;""]",T-3;,"t1_decoder_parse_charstrings
t1_builder_add_point",Yes,caller type,2
CVE-2016-10189,701ab8129ba9ea64f569daedca9a8603abad740f,CWE-476,BitlBee,P-10;,imcb_file_send_start,"[""bu""]",imcb_file_send_start,34,"[""return bee->ui->ft_in_start(bee, bu, file_name, file_size);""]",T-15;,imcb_file_send_start,No,None,1
CVE-2016-10210,3119b232c9c453c98d8fa8b6ae4e37ba18117cd4,CWE-476,YARA,"P-4;
P-10;","yy_get_next_buffer
re_yyensure_buffer_stack
re_yyget_lineno
re_yyget_column
re_yylex_init_extra
read_escaped_char","[""char"", ""* text""]",,1296,"[""LEX_ENV->class_vector[c / 8]|= 1 << c % 8;""]",T-15;,"read_escaped_char
",No,None,1
CVE-2016-10218,d621292fb2c8157d9899dcd83fd04dd250e30fe4,CWE-476,ghostpdl,"P-9;
P-11;",pdf14_pop_transparency_group,"[""nos""]",pdf14_pop_transparency_group,1069,"[""nos_num_color_comp= nos->parent_color_info_procs->num_components - nos->num_spots;""]",T-14;,pdf14_pop_transparency_group,No,None,1
CVE-2016-10248,2e82fa00466ae525339754bb3ab0a0474a31d4bd,CWE-476,JasPer,"P-3;
P-11;",jpc_tsfb_synthesize,"[""a""]",jpc_tsfb_synthesize,152,"[""jas_seq2d_getref(a, jas_seq2d_xstart(a), jas_seq2d_ystart(a)),;""]",T-15;,jpc_tsfb_synthesize,No,None,1
CVE-2016-10250,bdfe95a6e81ffb4b2fad31a76b57943695beed20,CWE-476,JasPer,"P-2;
P-4;","jp2_box_get
jp2_box_dump","[""box"", ""ops""]",jp2_box_get,260,"[""box->ops= & boxinfo->ops;""]",T-14;,jp2_box_get,No,None,1
CVE-2015-6031,79cca974a4c2ab1199786732a67ff6d898051b78,CWE-119,miniupnp,P-9;,IGDstartelt,"[""l""]",IGDstartelt,18,"[""memcpy(datas->cureltname, name, l);"", ""datas->cureltname[l]= '\\0';""]",T-1;,IGDstartelt,No,None,1
CVE-2017-1000494,7aeb624b44f86d335841242ff427433190e7168a,CWE-119,miniupnp,"P-1;
P-3;",ParseNameValue,"[""data""]",parseelt,156,"[""data= ++p->xml;""]",T-3;,"ParseNameValue
parsexml
parseelt",Yes,caller type,3
CVE-2016-10504,397f62c0a838e15d667ef50e27d5d011d2c79c04,CWE-119,openjpeg,P-2;,opj_tcd_code_block_enc_allocate_data,"[""l_data_size""]",opj_tcd_code_block_enc_allocate_data,209,"[""* mqc->bp= (OPJ_BYTE) (mqc->c >> 19);""]",T-3;,"opj_tcd_init_encode_tile
opj_tcd_init_tile
opj_tcd_code_block_enc_allocate_data",Yes,callee type,3
CVE-2017-14164,dcac91b8c72f743bda7dbfa9032356bc8110098a,CWE-119,openjpeg,"P-9;
P-10;
P-11;","opj_j2k_write_tlm
opj_j2k_write_sot
opj_j2k_write_first_tile_part
opj_j2k_write_all_tile_parts","[""p_total_data_size""]",opj_write_bytes,"[53, 64]","[""memcpy(p_buffer, l_data_ptr, p_nb_bytes);"", ""* (p_buffer++)= * (l_data_ptr--);""]",T-3;,"opj_j2k_write_sot
opj_write_bytes",Yes,caller type,2
CVE-2013-2127,2f912f5b33582961b1cdbd9fd828589f8b78f21d,CWE-119,LibRaw,"P-1;
P-2;
P-9;
P-10;","LibRaw::subtract_black
LibRaw::exp_bef
LibRaw::dcraw_process","[""C"", ""data_maximum"", ""maximum""]",LibRaw::exp_bef,2424,"[""C.data_maximum= lut[C.data_maximum];"", ""C.maximum= lut[C.maximum];""]",T-2;,LibRaw::exp_bef,No,None,1
CVE-2017-14608,d13e8f6d1e987b7491182040a188c16a395f1d21,CWE-125,LibRaw,"P-1;
P-3;
P-9;
P-10;",kodak_65000_load_raw,"[""ret"", ""buf [ ]"", ""pred [ ]""]",kodak_65000_load_raw,3532,"[""if ((RAW(row, col + i)= curve[ret ? buf[i] : (pred[i & 1]+= buf[i])]) >> 12) derror();""]",T-2;,kodak_65000_load_raw,No,None,1
CVE-2017-16910,5563e6ddc3f7cb93d98b491194ceebdee7288d36,CWE-125,LibRaw,"P-1;
P-2;
P-3;
P-9;","xtrans_interpolate
","[""width；height""]",xtrans_interpolate,"[7098, 7102]","[""hex= allhex[row % 3][col % 3][0];"", ""val= pix[hex[c]][1];""]",T-2;,xtrans_interpolate,No,None,1
CVE-2017-6886,d7c3d2cb460be10a3ea7b32e9443a83c243b2251,CWE-119,LibRaw,"P-9;
P-10;","parse_tiff_ifd
parse_jpeg
","[""len""]",parse_tiff_ifd,13185,"[""if (fread(cbuf, 1, len, ifp) != len);""]",T-1;,parse_tiff_ifd,No,None,1
CVE-2018-10529,f0c505a3e5d47989a5f69be2d0d4f250af6b1a6c,CWE-125,LibRaw,"P-1;
P-3;
P-5;
P-9;","x3f_property_s
x3f_get4 
free_camf_entry
x3f_load_property_list ","[""P"", ""name_offset"", ""value_offset""]",x3f_load_property_list,"[1631, 1632]","[""P->name= ((utf16_t *) PL->data + P->name_offset);"", ""P->value= ((utf16_t *) PL->data + P->value_offset);""]",T-3;,x3f_load_property_list,No,None,1
CVE-2018-5805,9f26ce37f5be86ea11bfc6831366558650b1f6ff,CWE-787,LibRaw,"P-2;
P-9;
P-10;","leaf_hdr_load_raw
identify","[""width"", ""height"", ""tiff_bps"", ""i"", ""load_raw"", ""top_margin"", ""raw_height"", ""mask"", ""filters""]",leaf_hdr_load_raw,"[2388, 2905]","[""image[row * width + col][c]= pixel[col + left_margin];"", ""val= ((pixel[row - 1][col - 1] + 2 * pixel[row - 1][col + 1] + pixel[row][col - 2]) >> 2) + gstep[getbits(4)];""]",T-2;,leaf_hdr_load_raw,No,None,1
CVE-2017-14225,837cb4325b712ff1aab531bf41668933f61d75d2,CWE-476,Ffmpeg,"P-1;
P-3;
P-7;
P-9;","print_pkt_side_data
show_frame
show_stream","[""frame"", ""color_primaries"", ""par""]",show_frame,"[2120, 2520]","[""print_str(\""color_primaries\"", av_color_primaries_name(frame->color_primaries));"", ""print_str(\""color_primaries\"", av_color_primaries_name(par->color_primaries));""]",T-15;,show_frame,No,None,1
CVE-2017-9608,0a709e2a10b8288a0cc383547924ecfe285cef89,CWE-476,FFmpeg,"P-1;
P-2;
P-5;
P-10;",dnxhd_find_frame_end,"[""dctx"", ""remaining""]",dnxhd_parse,138,"[""if (ff_combine_frame(pc, next, & buf, & buf_size) < 0) {;""]",T-15;,"dnxhd_find_frame_end
dnxhd_parse",Yes,callee type,2
CVE-2017-9608,611b35627488a8d0763e75c25ee0875c5b7987dd,CWE-476,FFmpeg,"P-1;
P-2;
P-5;
P-10;",dnxhd_find_frame_end,"[""dctx"", ""remaining""]",dnxhd_parse,138,"[""if (ff_combine_frame(pc, next, & buf, & buf_size) < 0) {;""]",T-15;,"dnxhd_find_frame_end
dnxhd_parse",Yes,callee type,2
CVE-2017-9608,31c1c0b46a7021802c3d1d18039fca30dba5a14e,CWE-476,FFmpeg,"P-1;
P-2;
P-5;
P-10;",dnxhd_find_frame_end,"[""dctx"", ""remaining""]",dnxhd_parse,138,"[""if (ff_combine_frame(pc, next, & buf, & buf_size) < 0) {;""]",T-15;,"dnxhd_find_frame_end
dnxhd_parse",Yes,callee type,2
CVE-2018-13303,00e8181bd97c834fe60751b0c511d4bb97875f78,CWE-476,FFmpeg,"P-1;
P-4;
P-9;",avpriv_ac3_parse_header,"[""gb""]",get_bits,135,"[""if (s->bit_index= == 0) {;""]",T-14;,"avpriv_ac3_parse_header
ff_ac3_parse_header
get_bits",Yes,caller type,3
CVE-2019-11338,54655623a82632e7624714d7b2a3e039dc5faa7e,CWE-476,FFmpeg,P-9;,"hls_slice_header
decode_nal_unit
","[""sh"", ""first_slice_in_pic_flag""]",hls_slice_header,491,"[""if ((IS_IDR(s) || IS_BLA(s)) && sh->first_slice_in_pic_flag) {;""]",T-14;,"decode_nal_unit
hls_slice_header",Yes,caller type,2
CVE-2015-4002,9a59029bc218b48eff8b5d4dde5662fd79d3e1a8,CWE-119,linux,"P-2;
P-6;
P-10;",oz_usb_handle_ep_data,"[""n"", ""body"", ""unit_size"", ""len"", ""oz_multiple_fixed""]",oz_usb_handle_ep_data,334,"[""while (n--) {;""]",T-7;,oz_usb_handle_ep_data,No,None,1
CVE-2015-4002,d114b9fe78c8d6fc6e70808c2092aa307c36dc8e,CWE-119,linux,"P-1;
P-5;",oz_usb_rx,"[""data_len""]",oz_usb_rx,401,"[""oz_hcd_get_desc_cnf(usb_ctx->hport, body->req_id, body->rcode, body->data, data_len, offs, total_size);""]",T-1;,oz_usb_rx,No,None,1
CVE-2015-4003,04bf464a5dfd9ade0dda918e44366c2c61fce80b,CWE-189,linux,"P-1;
P-5;
P-9;",oz_usb_handle_ep_data,"[""body"", ""unit_size"", ""n""]",oz_usb_handle_ep_data,330,"[""int n= (len - sizeof (struct oz_multiple_fixed) + 1) / body->unit_size;""]",T-17;,oz_usb_handle_ep_data,No,None,1
CVE-2015-4036,59c816c1f24df0204e01851431d3bab3eb76719c,CWE-119,linux,"P-2;
P-6;
P-10;","vhost_scsi_send_evt
vhost_scsi_make_tpg","[""tpgt""]",vhost_scsi_make_tpg,2142,"[""ret= core_tpg_register(& vhost_scsi_fabric_configfs->tf_ops, wwn, & tpg->se_tpg, tpg, TRANSPORT_TPG_TYPE_NORMAL);""]",T-1;,vhost_scsi_make_tpg,No,None,1
CVE-2015-5156,48900cb6af4282fa0fb6ff4d72a81aa3dadb5c39,CWE-119,linux,P-2;,virtnet_probe,"[""dev"", ""features""]",skb_to_sgvec,3429,"[""sg_mark_end(& sg[nsg - 1]);""]",T-2;,"virtnet_probe
try_fill_recv
add_recvbuf_small
skb_to_sgvec",Yes,caller type,4
CVE-2015-5327,cc25b994acfbc901429da682d0f73c190e960206,CWE-125,linux,"P-2;
P-9;
P-10;",x509_decode_time,"[""month_lengths"", ""mon""]",x509_decode_time,534,"[""mon_len= month_lengths[mon];""]",T-2;,x509_decode_time,No,None,1
CVE-2016-2070,8b8a321ff72c785ed5e8b4cf6eda20b35d427390,CWE-189,linux,P-9;,tcp_cwnd_reduction,"[""newly_acked_sacked""]",tcp_cwnd_reduction,2485,"[""sndcnt= div_u64(dividend, tp->prior_cwnd) - tp->prr_out;""]",T-17;,tcp_cwnd_reduction,No,None,1
CVE-2018-1999010,cced03dd667a5df6df8fd40d8de0bff477ee02e8,CWE-125,ffmpeg,"P-2;
P-9;
P-10;","ff_mms_asf_header_parser
","[""* p""]",ff_mms_asf_header_parser,"[""97\n---- \n118"", 126]","[""flags= AV_RL16(p + sizeof (ff_asf_guid) * 3 + 24);"", ""int stream_count= AV_RL16(p + 84), ext_len_count= AV_RL16(p + 86);"", ""skip_bytes+= 4 + AV_RL16(p + skip_bytes + 2);""]",T-3;,ff_mms_asf_header_parser,No,None,1
CVE-2018-1999014,bab0716c7f4793ec42e05a5aa7e80d82a0dd4e75,CWE-125,ffmpeg,P-4;,mxf_parse_structural_metadata,"[""* mxf""]",av_log,361,"[""level+= * (int *) (((uint8_t *) avcl) + avc->log_level_offset_offset);""]",T-3;,"mxf_parse_structural_metadata
av_log",Yes,caller type,2
CVE-2018-1999015,5aba5b89d0b1d73164d3b81764828bb8b20ff32a,CWE-125,ffmpeg,"P-8;
P-9;
P-11;","decode_vop_header
read_quant_matrix_ext
","[""* gb""]",read_quant_matrix_ext,"[2877, 2887, 2894, 2903]","[""v= get_bits(gb, 8);"", ""get_bits(gb, 8);"", ""v= get_bits(gb, 8);"", ""get_bits(gb, 8);""]",T-1;,read_quant_matrix_ext,No,None,1
CVE-2012-1571,1aec04dbf8a24b8a6ba64c4f74efa0628e36db0b,CWE-119,file,"P-6;
P-10;
P-11;","cdf_read_short_sector
cdf_read_short_sector_chain
cdf_read_property_info","[""ss"", ""pos""]",cdf_read_short_sector,"[364, 539]","[""(void) memcpy(((char *) buf) + offs, ((const char *) sst->sst_tab) + pos, len);"", ""scn->sst_tab= calloc(scn->sst_len, ss);""]",T-1;,cdf_read_short_sector,No,None,1
CVE-2014-0238,f97486ef5dc3e8735440edc4fc8808c63e1a3ef0,CWE-119,file,"P-9;
P-10;
P-11;",cdf_read_property_info,"[""i""]",cdf_read_property_info,906,"[""inp[i].pi_str.s_len= l;""]",T-2;,cdf_read_property_info,No,None,1
CVE-2014-2270,447558595a3650db2886cd2f416ad0beba965801,CWE-119,file,"P-10;
P-11;",mget,"[""nbytes"", ""offset""]",mget,1674,"[""if (mcopy(ms, p, m->type, 0, s, offset, nbytes, count)= == - 1);""]",T-1;,mget,No,None,1
CVE-2019-8906,2858eaf99f6cc5aae129bcbf1e24ad160240185f,CWE-125,file,P-4;,do_core_note,"[""pi""]",do_core_note,755,"[""memcpy(& pi, nbuf + doff, descsz);""]",T-1;,do_core_note,No,None,1
CVE-2010-3855,59eb9f8cfe7d1df379a2318316d1f04f80fba54a,CWE-119,freetype2,"P-6;
P-10;",ft_var_readpackedpoints,"[""i""]",ft_var_readpackedpoints,"[162, 172]","[""points[i++]= (FT_UShort) (first+= FT_GET_USHORT());""]",T-2;,ft_var_readpackedpoints,No,None,1
CVE-2012-5668,9b6b5754b57c12b820e01305eb69b8863a161e5a,CWE-119,freetype2,P-1;,_bdf_parse_start,"[""p"", ""font"", ""props_size""]",bdf_free_fon,2543,"[""if (font->props[i].format= == BDF_ATOM);""]",T-2;,"_bdf_parse_start
bdf_load_font
bdf_load_font
bdf_free_fon",Yes,callee type,4
CVE-2012-5669,07bdb6e289c7954e2a533039dc93c1c136099d2d,CWE-119,freetype2,P-10;,_bdf_parse_glyphs,"[""p"", ""glyph_enc""]",_bdf_parse_glyphs,1644,"[""if (_bdf_glyph_modified(p->have, p->glyph_enc));""]",T-1;,_bdf_parse_glyphs,No,None,1
CVE-2012-5670,7f2e4f4f553f6836be7683f66226afac3fa979b8,CWE-119,freetype2,P-9;,_bdf_parse_glyphs,"[""p"", ""glyph_enc""]",_bdf_parse_glyphs,1747,"[""c= line[i];""]",T-2;,_bdf_parse_glyphs,No,None,1
CVE-2014-9656,f0292bb9920aa1dbfed5f53861e7c7a89b35833a,CWE-119,freetype2,P-10;,tt_sbit_decoder_load_image,"[""p""]",tt_sbit_decoder_load_image,1180,"[""p+= 2;""]",T-3;,tt_sbit_decoder_load_image,No,None,1
CVE-2014-9657,eca0f067068020870a429fe91f6329e499390d55,CWE-125,freetype2,P-10;,tt_face_load_hdmx,"[""record_size""]",tt_face_load_hdmx,541,"[""p+= record_size;""]",T-3;,tt_face_load_hdmx,No,None,1
CVE-2014-3144,05ab8f2647e4221cbdb3856dd7d32bd5407316b3,CWE-190,linux,"P-9;
P-10;","__skb_get_nlattr
__skb_get_nlattr_nest","[""skb"", ""len""]",__skb_get_nlattr_nest,"[606, 624, 625]","[""nla= nla_find((struct nlattr *) & skb->data[A], skb->len - A, X);"", ""nla= (struct nlattr *) & skb->data[A];"", ""if (nla->nla_len > A - skb->len) return 0;""]",T-4;,__skb_get_nlattr_nest,No,None,1
CVE-2014-4608,206a81c18401c0cde6e579164f752c4b147324ce,CWE-190,linux,"P-4;
P-10;
P-11;",lzo1x_decompress_safe,"[""t""]",lzo1x_decompress_safe,72,"[""COPY8(op, ip);"", ""(#define COPY8(dst, src) \\ put_unaligned(get_unaligned((const u64 *) (src)), (u64 *) (dst)));""]",T-3;,lzo1x_decompress_safe,No,None,1
CVE-2014-4655,82262a46627bebb0febcc26664746c25cef08563,CWE-190,linux,"P-2;
P-9;
P-11;",snd_ctl_elem_add,"[""card"", ""user_ctl_count""]",snd_ctl_elem_add,1258,"[""card->user_ctl_count++;""]",T-4;,snd_ctl_elem_add,No,None,1
CVE-2014-4656,883a1d49f0d77d30012f114b2e19fc141beb3e8e,CWE-190,linux,"P-9;
P-11;",snd_ctl_add,"[""id"", ""index""]",snd_ctl_add,368,"[""for (idx= 0;"", ""idx < count;"", ""idx++, id.index++, id.numid++);""]",T-4;,snd_ctl_add,No,None,1
CVE-2014-4656,ac902c112d90a89e59916f751c2745f4dbdbb4bd,CWE-190,linux,"P-1;
P-9;",snd_ctl_remove_numid_conflict,"[""card"", ""last_numid""]",snd_ctl_remove_numid_conflict,292,"[""if (kctl->id.numid < card->last_numid + 1 + count && kctl->id.numid + kctl->count > card->last_numid + 1) {;""]",T-4;,snd_ctl_remove_numid_conflict,No,None,1
CVE-2015-5707,451a2886b6bf90e2fb378f7c46c655450fb96e81,CWE-190,linux,P-9;,sg_start_req,"[""iov_count""]",memdup_user,141,"[""if (copy_from_user(p, src, len)) {;""]",T-4;,"sg_start_req
memdup_user",Yes,caller type,2
CVE-2015-5707,fdc81f45e9f57858da6351836507fbcf1b7583ee,CWE-190,linux,"P-4;
P-5;
P-6;
P-9;
P-10;",sg_start_req,"[""iov_count""]",memdup_user,141,"[""if (copy_from_user(p, src, len)) {;""]",T-1;,"sg_start_req
memdup_user",Yes,caller type,2
CVE-2010-3880,22e76c849d505d87c5ecf3d3e6742a65f0ff4860,CWE-835,Linux,"P-2;
P-10;","inet_csk_diag_dump
inet_twsk_diag_dump
inet_diag_dump_reqs","[""bc""]",inet_diag_dump_reqs,358,"[""while (len > 0) {;""]",T-7;,inet_diag_dump_reqs,No,None,1
CVE-2011-2213,eeb1497277d6b1a0a34ed36b97e18f2bd7d6de0d,CWE-835,Linux,"P-2;
P-9;
P-10;","valid_cc
inet_diag_bc_audit","[""op""]",inet_diag_bc_audit,453,"[""while (len > 0) {;""]",T-7;,inet_diag_bc_audit,No,None,1
CVE-2011-4621,f26f9aff6aaf67e9a430d16c266f91b13a5bff64,CWE-835,Linux,P-3;,"update_rq_clock
check_preempt_curr
put_prev_task
schedule","[""rq"", ""skip_clock_update"", ""prev""]",schedule,4089,"[""goto need_resched_nonpreemptible;""]",T-8;,schedule,No,None,1
CVE-2017-18208,6ea8d958a2c95a1d514015d4e29ba21a8c0a1a91,CWE-835,Linux,P-2;,madvise_willneed,"[""prev""]",SYSCALL_DEFINE3,845,"[""for (;"", "") {;""]",T-7;,"madvise_willneed
madvise_vma
SYSCALL_DEFINE3",Yes,callee type,3
CVE-2017-18261,adb4f11e0a8f4e29900adb2b7af28b6bbd5c1fa4,CWE-835,Linux,P-4;,arch_timer_reg_read_stable,"[""无""]",arch_timer_reg_read_stable,63,"[""#define arch_timer_reg_read_stable(reg);""]",T-9;,arch_timer_reg_read_stable,No,None,1
CVE-2017-6214,ccf7abb93af09ad0868ae9033d1ca8108bdaec82,CWE-835,Linux,P-9;,tcp_splice_read,"[""sk"", ""sk_receive_queue""]",tcp_splice_read,745,"[""while (tss.len) {;""]",T-7;,tcp_splice_read,No,None,1
CVE-2017-2647,c06cfb08b88dfbe13be44a69ae2fdc3a7c902d81,CWE-476,linux,"P-2;
P-7;
P-9;","key_default_cmp
keyring_search","[""match_data"", ""cmp""]",keyring_search_iterator,548,"[""if (!ctx->match_data.cmp(key, & ctx->match_data));""]",T-16;,"keyring_search
keyring_search_aux
keyring_search_iterator",Yes,caller type,3
CVE-2017-7374,1b53cf9815bb4744958d41f3795d5d5a1d365e2d,CWE-476,linux,"P-1;
P-3;
P-4;
P-8;
P-9;","validate_user_key
put_crypt_info
fscrypt_get_crypt_info
fscrypt_put_encryption_info
fscrypt_get_encryption_info","[""inode"", ""i_crypt_info"", ""crypt_info"", ""ci_keyring_key""]",fscrypt_get_crypt_info,196,"[""if (!crypt_info->ci_keyring_key || key_validate(crypt_info->ci_keyring_key)= == 0);""]",T-15;,fscrypt_get_crypt_info,No,None,1
CVE-2017-9211,9933e113c2e87a9f46a40fde8dafbf801dca1ab9,CWE-476,linux,"P-2;
P-3;
P-5;
P-7;
P-9;
P-11;","skcipher_setkey_unaligned
skcipher_setkey
crypto_skcipher_init_tfm","[""alg"", ""setkey""]",crypto_skcipher_init_tfm,787,"[""skcipher->setkey= alg->setkey;""]",T-16;,crypto_skcipher_init_tfm,No,None,1
CVE-2018-10074,9903e41ae1f5d50c93f268ca3304d4d7c64b9311,CWE-476,linux,"P-9;
P-11;",hi3660_stub_clk_probe,"[""res""]",hi3660_stub_clk_probe,152,"[""freq_reg= devm_ioremap(dev, res->start, resource_size(res));""]",T-14;,hi3660_stub_clk_probe,No,None,1
CVE-2018-1065,57ebd808a97d7c5b1e1afb937c2db22beba3c1f8,CWE-476,linux,"P-9;
P-11;",arpt_do_table,"[""stackidx""]",arpt_do_table,"[255, 334, 355]","[""jumpstack[stackidx++]= e;""]",T-2;,arpt_do_table,No,None,1
CVE-2014-0207,6d209c1c489457397a5763bca4b28e43aac90391,CWE-119,file,"P-2;
P-8;
P-9;
P-10;",cdf_read_short_sector,"[""len"", ""pos""]",cdf_read_short_sector,361,"[""(void) memcpy(((char *) buf) + offs, ((const char *) sst->sst_tab) + pos, len);""]",T-1;,cdf_read_short_sector,No,None,1
CVE-2011-4604,b5a1eeef04cc7859f34dec9b72ea1b28e4aba07c,CWE-119,linux,P-2;,bat_socket_read,"[""packet_len"", ""socket_packet"", ""icmp_len"", ""count""]",bat_socket_read,139,"[""error= copy_to_user(buf, & socket_packet->icmp_packet, socket_packet->icmp_len);""]",T-1;,bat_socket_read,No,None,1
CVE-2012-2100,d50f2ab6f050311dbf7b8f5501b25f0bf64a439b,CWE-189,linux,"P-2;
P-10;",ext4_fill_flex_info,"[""sbi"", ""s_log_groups_per_flex"", ""groups_per_flex""]",ext4_fill_flex_info,"
2014
","[""groups_per_flex= 1 << sbi->s_log_groups_per_flex;""]",T-4;,ext4_fill_flex_info,No,None,1
CVE-2012-2119,b92946e2919134ebe2a4083e4302236295ea2a73,CWE-119,linux,"P-2;
P-9;","macvtap_get_user
zerocopy_sg_from_iovec","[""count"", ""skb"", ""size"", ""page""]",gup_huge_pud,154,"[""pages[* nr]= page;""]",T-3;,"macvtap_get_user
zerocopy_sg_from_iovec
get_user_pages_fast
gup_pud_range
gup_huge_pud",Yes,caller type,5
CVE-2014-8369,3d32e4dbe71374a6780eaf51d719d76f9a9bf22f,CWE-119,linux,"P-2;
P-8;","kvm_iommu_put_pages
kvm_iommu_map_pages","[""page_size""]",kvm_release_pfn_clean,1460,"[""put_page(pfn_to_page(pfn));""]",T-3;,"kvm_iommu_map_pages
kvm_unpin_pages
kvm_release_pfn_clean",Yes,caller type,3
CVE-2014-8884,f2e323ec96077642d397bb1c355def536d489d16,CWE-119,linux,P-9;,ttusbdecfe_dvbs_diseqc_send_master_cmd,"[""cmd""]",ttusbdecfe_dvbs_diseqc_send_master_cmd,159,"[""memcpy(& b[4], cmd->msg, cmd->msg_len);""]",T-1;,ttusbdecfe_dvbs_diseqc_send_master_cmd,No,None,1
CVE-2014-9683,942080643bce061c3dd9d5718d3b745dcb39a8bc,CWE-189,linux,P-1;,ecryptfs_decode_from_filename,"[""dst"", ""dst_byte_offset""]",ecryptfs_decode_from_filename,1920,"[""dst[dst_byte_offset]= 0;""]",T-2;,ecryptfs_decode_from_filename,No,None,1
CVE-2014-9728,e237ec37ec154564f8690c5bd1795339955eeef9,CWE-119,linux,"P-2;
P-9;",udf_pc_to_char,"[""elen""]",udf_build_ustr_exact,79,"[""memcpy(dest->u_name, ptr + 1, exactsize - 1);""]",T-1;,"udf_pc_to_char
udf_get_filename
udf_build_ustr_exact",Yes,caller type,3
CVE-2014-9728,a1d47b262952a45aae62bd49cfaf33dd76c11a2c,CWE-119,linux,P-9;,udf_symlink_filler,"[""inode"", ""i_size""]",udf_pc_to_char,42,"[""switch (pc->componentType) {;""]",T-3;,"udf_symlink_filler
udf_pc_to_char",Yes,caller type,2
CVE-2015-2666,f84598bd7c851f8b0bf8cd0d7c3be0d73c432ff4,CWE-119,linux,P-10;,get_matching_model_microcode,"[""mc_saved_count"", ""mc_saved_tmp""]",_save_mc,273,"[""struct microcode_header_intel * mc_saved_header= (struct microcode_header_intel *) mc_saved[i];""]",T-3;,"get_matching_model_microcode
_save_mc",Yes,caller type,2
CVE-2015-3214,ee73f656a604d5aa9df86a97102e4e462dd79924,CWE-119,linux,P-9;,pit_ioport_read,"[""s"", ""addr""]",pit_ioport_read,470,"[""s= & pit_state->channels[addr];""]",T-3;,pit_ioport_read,No,None,1
CVE-2015-3331,ccfe8c3f7e52ae83155cb038753f4c75b774ca8a,CWE-119,linux,"P-2;
P-4;", __driver_rfc4106_decrypt,"[""req"", ""cryptlen""]",memcpy_dir,30,"[""memcpy(dst, src, nbytes);""]",T-1;,"__driver_rfc4106_decrypt
scatterwalk_map_and_copy
scatterwalk_copychunks
memcpy_dir",Yes,caller type,4
CVE-2015-4001,b1bb5b49373b61bf9d2c73a4d30058ba6f069e4c,CWE-189,linux,"P-2;
P-4;",oz_hcd_get_desc_cnf,"[""copy_len"", ""offset""]",oz_hcd_get_desc_cnf,770,"[""memcpy(urb->transfer_buffer + offset, desc, copy_len);""]",T-1;,oz_hcd_get_desc_cnf,No,None,1
CVE-2018-10940,9de4ee40547fd315d4a0ed1dd15a2fa3559ad707,CWE-119,linux,P-10;,cdrom_ioctl_media_changed,"[""arg""]",cdrom_ioctl_media_changed,2383,"[""ret= info->slots[arg].change;""]",T-2;,cdrom_ioctl_media_changed,No,None,1
CVE-2018-11506,f7068114d45ec55996b9040e98111afa56e010fe,CWE-787,linux,"P-1;
P-4;
P-9;",sr_do_ioctl,"[""cgc"", ""sense""]",scsi_execute,303,"[""memcpy(sense, rq->sense, SCSI_SENSE_BUFFERSIZE);""]",T-1;,"sr_do_ioctl
scsi_execute",Yes,caller type,2
CVE-2018-12896,78c9c4dfbf8c04883941445a195276bb4bb92c76,CWE-190,linux,P-2;,"timer_overrun_to_int
common_hrtimer_rearm
posixtimer_rearm
posix_timer_fn
common_timer_get
SYSCALL_DEFINE1","[""info"", ""si_overrun"", ""timr"", ""it_overrun""]",posixtimer_rearm,"[327, 794]","[""info->si_overrun+= timr->it_overrun_last;"", ""overrun= timr->it_overrun_last;""]",T-4;,posixtimer_rearm,No,None,1
CVE-2018-13095,23fcb3340d033d9f081e21e6c12c2db7eaa541d3,CWE-787,linux,P-10;,"xfs_dinode_verify
xfs_dinode_verify_fork","[""di_nextents""]",xfs_inode_from_disk,250,"[""to->di_nextents= be32_to_cpu(from->di_nextents);""]",T-3;,"xfs_dinode_verify
xfs_iread
xfs_inode_from_disk",Yes,callee type,3
CVE-2018-1130,67f93df79aeefc3add4e4b31a752600f834236e2,CWE-476,linux,P-9;,dccp_sendmsg,"[""sk"", ""sk_state""]",ccid_hc_tx_send_packet,169,"[""if（ccid->ccid_ops->ccid_hc_tx_send_packet != NULL);""]",T-14;,"dccp_sendmsg
dccp_write_xmit
ccid_hc_tx_send_packet",Yes,caller type,3
CVE-2016-10169,4bc05fc490b66ef2d45b1de26abf1455b486b0dc,CWE-125,WavPack,P-9;,get_word,"[""high，low""]",read_code,574,"[""bitcount= count_bits(maxcode);""]",T-2;,"get_word
read_code",Yes,caller type,2
CVE-2016-10172,4bc05fc490b66ef2d45b1de26abf1455b486b0dc,CWE-125,WavPack,P-10;,read_new_config_info,"[""bytecnt_x000D_"", ""* byteptr""]",read_new_config_info,565,"[""wpc->config.qmode= (wpc->config.qmode & ~0xff) | * byteptr++;""]",T-2;,read_new_config_info,No,None,1
CVE-2018-19841,bba5389dc598a92bdf2b297c3ea34620b6679b5b,CWE-125,WavPack,P-10;,WavpackVerifySingleBlock,"[""* dp""]",WavpackVerifySingleBlock,"
1215","[""meta_id= * dp++;""]",T-2;,WavpackVerifySingleBlock,No,None,1
CVE-2018-6767,d5bf76b5a88d044a1be1d5656698e3ba737167e5,CWE-125,WavPack,P-10;,"ParseRiffHeaderConfig
WriteRiffHeader","[""chunk_head"", ""er"", ""ckSize""]",,621,"[""* lpNumberOfBytesRead+= bcount;""]",T-3;,"WriteRiffHeader
DoReadFile
",Yes,caller type,2
CVE-2018-7253,36a24c7881427d2e1e4dc1cef58f19eee0d13aec,CWE-125,WavPack,P-9;,ParseDsdiffHeaderConfig,"[""prop_chunk_x000D_"", ""dff_chunk_header"", ""ckDataSize""]",ParseDsdiffHeaderConfig,172,"[""char * cptr= prop_chunk + 4, _x000D_ * eptr= prop_chunk + dff_chunk_header.ckDataSize;""]",T-3;,ParseDsdiffHeaderConfig,No,None,1
CVE-2018-7254,8e3fe45a7bac31d9a3b558ae0079e2d92a04799e,CWE-125,WavPack,P-1;,ParseCaffHeaderConfig,"[""TMH_full"", ""[ ] _x000D_"", ""TMH_std"", ""[ ]""]",ParseCaffHeaderConfig,425,"[""channel_reorder= (unsigned char *) _x000D_ strdup(layouts[i].mChannelReorder);""]",T-2;,ParseCaffHeaderConfig,No,None,1
CVE-2018-13406,9f645bcc566a1e9f921bdae7528a01ced5bc3713,CWE-190,linux,P-4;,uvesafb_setcmap,"[""cmap"", ""len""]",uvesafb_setcmap,1047,"[""entries= kmalloc(sizeof (* entries) * cmap->len, GFP_KERNEL);""]",T-1;,uvesafb_setcmap,No,None,1
CVE-2018-5332,c095508770aebf1b9218e77026e48345d719b17c,CWE-787,linux,P-9;,rds_rdma_extra_size,"[""rm""]",,1089,"[""rm= rds_message_alloc(ret, GFP_KERNEL);""]",T-1;,"rds_rdma_extra_size
rds_rm_size
rds_sendmsg
",Yes,callee type,3
CVE-2018-14646,f428fe4a04cc339166c8bbd489789760de3a0cee,CWE-476,linux,"P-4;
P-10;","get_target_net
rtnl_dump_ifinfo
rtnl_getlink","[""skb""]",rtnl_getlink,1695,"[""if (!netlink_ns_capable(skb, net->user_ns, CAP_NET_ADMIN)) {;""]",T-15;,"get_target_net
rtnl_dump_ifinfo
rtnl_getlink",Yes,caller type,3
CVE-2018-6927,fbe0e839d1e22d88810f3ee3e2f1479be4c0aa4a,CWE-190,linux,P-9;,futex_requeue,"[""nr_wake；"", ""nr_requeue""]",futex_requeue,2041,"[""if (task_count - nr_wake >= nr_requeue);""]",T-4;,futex_requeue,No,None,1
CVE-2018-7492,f3069c6d33f6ae63a1668737bc78aaaa51bff7ca,CWE-476,linux,P-10;,__rds_rdma_map,"[""rs"", ""rs_transport""]",__rds_rdma_map,191,"[""if (!rs->rs_transport->get_mr) {;""]",T-14;,__rds_rdma_map,No,None,1
CVE-2018-8087,0ddcff49b672239dda94d70d0fcf50317a9f4b51,CWE-772,linux,P-3;,hwsim_new_radio_nl,"[""hwname""]",hwsim_new_radio_nl,3201,"[""return - EINVAL;""]",T-10;,hwsim_new_radio_nl,No,None,1
CVE-2018-8043,297a6961ffb8ff4dc66c9fbf53b924bd1dda05d5,CWE-476,linux,P-9;,unimac_mdio_probe,"[""r""]",unimac_mdio_probe,212,"[""priv->base= devm_ioremap(& pdev->dev, r->start, resource_size(r));""]",T-14;,unimac_mdio_probe,No,None,1
CVE-2019-11810,bcf3b67d16a4c8ffae0aa79de5853435e683945c,CWE-476,linux,P-11;,megasas_alloc_cmds,"[""instance"", ""cmd_list""]",megasas_free_cmds,4109,"[""kfree(instance->cmd_list[i]);""]",T-14;,"megasas_alloc_cmds
megasas_free_cmds",Yes,caller type,2
CVE-2019-12614,efa9ace68e487ddd29c2b4d6dd23242158f1f607,CWE-476,linux,P-9;,dlpar_parse_cc_property,"[""prop"", ""name""]",dlpar_free_cc_property,47,"[""kfree(prop->name);""]",T-14;,"dlpar_parse_cc_property
dlpar_free_cc_property",Yes,caller type,2
CVE-2019-12818,58bdd544e2933a21a51eecf17c3f5f94038261b5,CWE-476,linux,P-9;,"nfc_llcp_send_connect
nfc_llcp_send_cc
","[""miux_tlv；"", ""rw_tlv""]",nfc_llcp_send_connect,446,"[""llcp_add_tlv(skb, miux_tlv, miux_tlv_length);""]",T-15;,nfc_llcp_send_connect,No,None,1
CVE-2019-12984,385097a3675749cbc9e97c085c0e5dfe4269ca51,CWE-476,linux,P-9;,nfc_genl_deactivate_target,"[""info"", ""attrs"", ""NFC_ATTR_TARGET_INDEX""]",nfc_genl_deactivate_target,923,"[""target_idx= nla_get_u32(info->attrs[NFC_ATTR_TARGET_INDEX]);""]",T-15;,nfc_genl_deactivate_target,No,None,1
CVE-2019-9213,0a1d52994d440e21def1c2174932410b4f2a98a1,CWE-476,linux,P-10;,expand_downwards,"[""current"", ""flags""]",cap_mmap_addr,1332,"[""current->flags|= PF_SUPERPRIV;""]",T-16;,"expand_downwards
security_mmap_addr
cap_mmap_addr",Yes,caller type,3
CVE-2018-18445,b799207e1e1816b09e7a5920fbb2d5fcf6edd681,CWE-125,linux,"P-4;
P-9;",adjust_scalar_min_max_vals,"[""dst_reg""]",,1653,"[""reg->var_off= tnum_cast(reg->var_off, size);""]",T-3;,"adjust_scalar_min_max_vals
coerce_reg_to_size
",Yes,caller type,2
CVE-2018-13304,bd27a9364ca274ca97f1df6d984e88a0700fb235,CWE-617,Ffmpeg,P-3;,ff_mpeg4_decode_picture_header,"[""avctx"", ""profile""]",ff_mpeg4_decode_picture_header,"[52, 3247]","[""av_assert1(avctx->profile= == FF_PROFILE_MPEG4_SIMPLE_STUDIO);"", ""av_assert0(s->avctx->profile= == FF_PROFILE_MPEG4_SIMPLE_STUDIO);""]",T-5;,ff_mpeg4_decode_picture_header,No,None,1
CVE-2011-3602,92e22ca23e52066da2258df8c76a2dca8a428bcc,CWE-22,radvd,P-9;,set_interface_var,"[""name""]",set_interface_var,249,"[""fp= fopen(spath, \""w\"");""]",T-6;,set_interface_var,No,None,1
CVE-2014-10073,8b10426dcc0246c1712a99460dd470dcb1cc4d9c,CWE-22,Psensor,"P-1;
P-2;
P-5;
P-9;","create_response_file
main","[""resp""]",create_response_file,219,"[""file= fopen(fpath, \""rb\"");""]",T-6;,"create_response
create_response_file         ",Yes,caller type,2
CVE-2010-4164,5ef41308f94dcbb3b7afc56cdef1c2ba53fa5d2f,CWE-191,linux,"P-9;
P-11;",x25_parse_facilities,"[""len""]",x25_parse_facilities,"[104, 61]","[""len-= 2;"", ""while (len > 0) {;""]",T-4;,x25_parse_facilities,No,None,1
CVE-2010-4529,fdac1e0697356ac212259f2147aa60c72e334861,CWE-191,linux,"P-9;
P-10;",irda_getsockopt,"[""optval""]",irda_getsockopt,2311,"[""if (copy_to_user(optval, & list, sizeof (struct irda_device_list) - sizeof (struct irda_device_info)));""]",T-4;,irda_getsockopt,No,None,1
CVE-2011-2497,7ac28817536797fd40e9646452183606f9e17f71,CWE-191,linux,P-10;,l2cap_config_req,"[""chan"", ""conf_len""]",l2cap_config_req,2345,"[""memcpy(chan->conf_req + chan->conf_len, req->data, len);""]",T-1;,l2cap_config_req,No,None,1
CVE-2017-8924,654b404f2a222f918af9b0cd18ad469d0c941a8e,CWE-191,linux,P-10;,edge_bulk_in_callback,"[""urb"", ""actual_length""]",edge_bulk_in_callback,1770,"[""--urb->actual_length;""]",T-4;,edge_bulk_in_callback,No,None,1
CVE-2010-3067,75e1c70fc31490ef8a373ea2a4bea2524099b478,CWE-190,linux,P-9;,do_io_submit,"[""nr""]",do_io_submit,1662,"[""if (unlikely(!access_ok(VERIFY_READ, iocbpp, (nr * sizeof (* iocbpp)))));""]",T-4;,do_io_submit,No,None,1
CVE-2010-4160,253eacc070b114c2ec1f81b067d2fed7305467b0,CWE-190,linux,P-9;,SYSCALL_DEFINE6,"[""len"", ""size""]",security_socket_sendmsg,211,"[""if (memcpy_fromiovec(skb_put(skb, len), msg->msg_iov, len)) {;""]",T-1;,"SYSCALL_DEFINE6
sock_sendmsg
__sock_sendmsg
security_socket_sendmsg",Yes,caller type,4
CVE-2016-5314,391e77fcd217e78b2c51342ac3ddb7100ecacdd2,CWE-787,libtiff,"P-1;
P-3;
P-5;
P-9;","horizontalAccumulate8abgr
PixarLogSetupDecode
PixarLogDecode","[""sp"", ""stream"", ""avail_out"", ""tbuf_size""]",PixarLogDecode,787,"[""int state= inflate(& sp->stream, Z_PARTIAL_FLUSH);""]",T-1;,PixarLogDecode,No,None,1
CVE-2016-9535,3ca657a8793dd011bf869695d72ad31c779c3cc1,CWE-119,libtiff,"P-3;
P-8;
P-9;
P-11;","horAcc8
horAcc16
horAcc32
swabHorAcc16
swabHorAcc32
horDiff8
horDiff16
horDiff32
swabHorDiff16
swabHorDiff32
fpAcc
fpDiff","[""多个（assert中值）""]",fpDiff,"[406, 598]","[""_TIFFmemcpy(tmp, cp0, cc);""]",T-1;,fpDiff,No,None,1
CVE-2016-9535,6a984bf7905c6621281588431f384e79d11a2e33,CWE-119,libtiff,"P-1;
P-3;
P-5;","fpAcc
fpDiff
PredictorEncodeTile","[""tmp""]",fpDiff,"[406, 598]","[""_TIFFmemcpy(tmp, cp0, cc);""]",T-1;,fpDiff,No,None,1
CVE-2016-9536,83a4b92815ea04969d494416eaae3d4c6b338e4a,CWE-119,libtiff,"P-5;
P-8;
P-9;
P-11;","t2p_process_jpeg_strip
t2p_readwrite_pdf_image","[""buffersize""]",t2p_process_jpeg_strip,3476,"[""_TIFFmemcpy(& (buffer[* bufferoffset]), & (strip[i - 1]), 2);""]",T-1;,t2p_process_jpeg_strip,No,None,1
CVE-2016-9537,83a4b92815ea04969d494416eaae3d4c6b338e4a,CWE-119,libtiff,"P-2;
P-3;
P-9;"," loadImage
reverseSamplesBytes","[""buffsize""]",loadImage,6090,"[""read_buff[buffsize]= 0;""]",T-2;,loadImage,No,None,1
CVE-2016-9538,43c0b81a818640429317c80fea1e66771e85024b,CWE-190,libtiff,"P-2;
P-6;","readContigStripsIntoBuffer
readSeparateStripsIntoBuffer","[""strip,"", ""nstrips"", ""j"", ""strips_per_sample""]",readSeparateStripsIntoBuffer,"[4791, 3643]","[""bytes_read= TIFFReadEncodedStrip(in, strip, buff, stripsize);"", ""bytes_read= TIFFReadEncodedStrip(in, strip, bufp, - 1);""]",T-1;,readSeparateStripsIntoBuffer,No,None,1
CVE-2016-9539,ae9365db1b271b62b35ce018eac8799b1d5e8a53,CWE-119,libtiff,"P-1;
P-2;
P-9;",readContigTilesIntoBuffer,"[""tile_buffsize"", ""tilebuf""]",readContigTilesIntoBuffer,832,"[""tbytes= TIFFReadTile(in, tilebuf, col, row, 0, 0);""]",T-1;,readContigTilesIntoBuffer,No,None,1
CVE-2014-8130,3c5eb8b1be544e41d2c336191bc4936300ad7543,CWE-369,libtiff,P-9;,TIFFWriteScanline,"[""s""]",TIFFWriteScanline,260,"[""return (malloc((size_t) s)) ；;""]",T-18;,TIFFWriteScanline,No,None,1
CVE-2018-11381,3fcf41ed96ffa25b38029449520c8d0a198745f3,CWE-125,radare2,"P-2;
P-4;
P-10;",string_scan_range,"[""is_wide32""]",string_scan_range,115,"[""rc= r_utf32le_decode(buf + needle - from, to - needle, & r);""]",T-1;,string_scan_range,No,None,1
CVE-2018-11382,d04c78773f6959bcb427453f8e5b9824d5ba9eff,CWE-125,radare2,"P-9;
P-11;",INST_HANDLER,"[""len""]",INST_HANDLER,928,"[""int r= ((buf[0] >> 4) & 0xf) | ((buf[1] & 0x1) << 4);""]",T-2;,INST_HANDLER,No,None,1
CVE-2018-11384,77c47cf873dd55b396da60baa2ca83bbd39e4add,CWE-125,radare2,P-10;,sh_op,"[""len""]",sh_op,776,"[""op_MSB= anal->big_endian ? data[0] : data[1];""]",T-2;,sh_op,No,None,1
CVE-2018-12321,224e6bc13fa353dd3b7f7a2334588f1c4229e58d,CWE-125,radare2,"P-2;
P-10;",java_switch_op,"[""pos"", ""len""]",java_switch_op,685,"[""int min_val= (ut32) (UINT(data, pos + 4)),;""]",T-2;,java_switch_op,No,None,1
CVE-2018-12322,bbb4af56003c1afdad67af0c4339267ca38b1017,CWE-125,radare2,"P-1;
P-2;
P-9;
P-10;", _6502_op,"[""len""]",_6502_op,685,"[""if (data[1] <= 127);""]",T-2;, _6502_op,No,None,1
CVE-2014-0142,8e53abbc20d08ae3ec30c2054e1161314ad9501d,CWE-369,qemu,P-9;,bochs_open,"[""s"", ""extent_size""]",bochs_open,152,"[""if (s->catalog_size < bs->total_sectors / s->extent_size) {;""]",T-17;,bochs_open,No,None,1
CVE-2017-18174,251e22abde21833b3d29577e4d8c7aaccd650eee,CWE-415,linux,"P-2;
P-3;
P-11;","amd_gpio_probe
amd_gpio_remove","[""gpio_dev"", ""pctrl""]",amd_gpio_probe,"[2119, 829]","[""kfree(pctldev);"", ""pinctrl_unregister(gpio_dev->pctrl);""]",T-12;,amd_gpio_probe,No,None,1
CVE-2017-18174,8dca4a41f1ad65043a78c2338d9725f859c8d2c3,CWE-415,linux,P-3;,amd_gpio_remove,"[""gpio_dev"", ""pctrl""]",amd_gpio_remove,2120,"[""kfree(pctldev);""]",T-12;,amd_gpio_remove,No,None,1
CVE-2017-6074,5edabca9d4cff7f1f2b68f0bac55ef99d9798ba4,CWE-415,linux,"P-3;
P-11;",dccp_rcv_state_process,"[""skb""]",dccp_rcv_state_process,703,"[""__kfree_skb(skb);""]",T-12;,dccp_rcv_state_process,No,None,1
CVE-2017-6353,dfcb9f4f99f1e9a49e43398a7bfbf56927544af1,CWE-415,linux,"P-9;
P-11;","sctp_do_peeloff
sctp_wait_for_sndbuf","[""asoc""]",sctp_association_put,2001,"[""sctp_association_free(asoc);""]",T-12;,"sctp_wait_for_sndbuf
sctp_association_put",Yes,caller type,2
CVE-2017-8890,657831ffc38e30092a2d5f03d385d710eb88b09a,CWE-415,linux,,inet_csk_clone_lock,"[""inet_sk"", ""newsk"", ""mc_list""]",sk_free_unlock_clone,1760,"[""sk_free(sk);""]",T-12;,"inet_csk_clone_lock
dccp_create_openreq_child
sk_free_unlock_clone",Yes,callee type,3
CVE-2018-10902,39675f7a7c7e7702f7d5341f1e0d01db746543a0,CWE-415,linux,"P-1;
P-2;
P-3;
P-6;","snd_rawmidi_output_params
snd_rawmidi_input_params","[""params""]",,642,"[""newbuf= krealloc(runtime->buffer, params->buffer_size, GFP_KERNEL);""]",T-12;,"snd_rawmidi_output_params
",No,None,1
CVE-2018-13300,95556e27e2c1d56d9e18f5db34d6f756f3011148,CWE-125,ffmpeg,P-4;,handle_eac3,"[""avc"", ""avcl""]",avpriv_request_sample,408,"[""av_vlog(avc, AV_LOG_WARNING, msg, argument_list);""]",T-1;,"handle_eac3
avpriv_request_sample",Yes,caller type,2
CVE-2018-13305,d08d4a8c7387e758d439b0592782e4cfa2b4d6a4,CWE-125,ffmpeg,P-9;,vc1_put_blocks_clamped,"[""mquant""]",vc1_decode_b_mb_intfr,"[1583, 2217, 1584]","[""s->y_dc_scale= s->y_dc_scale_table[FFABS(mquant)];"", ""s->y_dc_scale= s->y_dc_scale_table[FFABS(mquant)];"", ""s->c_dc_scale= s->c_dc_scale_table[FFABS(mquant)];""]",T-2;,"vc1_put_blocks_clamped
vc1_decode_b_mb_intfr",Yes,callee type,2
CVE-2011-1745,194b3da873fd334ef183806db751473512af29ce,CWE-190,linux,"P-1;
P-5;
P-9;
P-10;","agp_generic_insert_memory
agp_generic_remove_memory","[""mem"", ""page_count"", ""pg_start""]",agp_generic_insert_memory,1104,"[""while (j < (pg_start + mem->page_count)) {;""]",T-4;,agp_generic_insert_memory,No,None,1
CVE-2011-4097,56c6a8a4aadca809e04276eabe5552935c51387f,CWE-190,linux,P-6;,oom_badness,"[""points""]",oom_badness,198,"[""points*= 1000;""]",T-4;,oom_badness,No,None,1
CVE-2017-17081,58cf31cee7a456057f337b3102a03206d833d5e8,CWE-125,ffmpeg,P-2;,gmc_mmx,"[""need_emu"", ""src""]",gmc_mmx,143,"[""\""m\"" (src[stride]), \""m\"" (src[stride + 1]),;""]",T-2;,gmc_mmx,No,None,1
CVE-2018-10001,47b7c68ae54560e2308bdb6be4fb076c73b93081,CWE-125,ffmpeg,"P-1;
P-10;",decode_init,"[""c"", ""pro""]",decode_init,1040,"[""c->frame_info_size= AV_RL32(avctx->extradata + 8);""]",T-3;,decode_init,No,None,1
CVE-2011-0709,7f285fa78d4b81b8458f05e77fb6b46245121b4e,CWE-476,linux,"P-7;
P-9;
P-10;
P-11;",__br_mdb_ip_get,"[""mdb""]",__br_mdb_ip_get,94,"[""hlist_for_each_entry_rcu(mp, p, & mdb->mhash[hash], hlist[mdb->ver]) {;""]",T-14;,__br_mdb_ip_get,No,None,1
CVE-2011-1478,66c46d741e2e60f0e8b625b80edb0ab820c46d7a,CWE-476,linux,P-1;,napi_reuse_skb,"[""skb"", ""dev"", ""napi""]",__netif_receive_skb,3024,"[""skb->skb_iif= skb->dev->ifindex;""]",T-14;,"napi_reuse_skb
napi_frags_skb
napi_gro_frags
napi_frags_finish
netif_receive_skb
__netif_receive_skb",Yes,callee type,6
CVE-2011-1478,6d152e23ad1a7a5b40fef1f42e017d66e6115159,CWE-476,linux,P-1;,napi_reuse_skb,"[""skb"", ""skb_iif"", ""napi""]",__netif_receive_skb,3025,"[""skb->skb_iif= skb->dev->ifindex;""]",T-14;,"napi_reuse_skb
napi_frags_skb
napi_gro_frags
napi_frags_finish
netif_receive_skb
__netif_receive_skb",Yes,callee type,6
CVE-2011-1598,c6914a6f261aca0c9f715f883a353ae7ff51fe83,CWE-476,linux,"P-1;
P-2;
P-9;",bcm_release,"[""sk"", ""bo""]",bcm_release,1435,"[""unregister_netdevice_notifier(& bo->notifier);""]",T-14;,bcm_release,No,None,1
CVE-2011-1748,10022a6c66e199d8f61d9044543f38785713cbbd,CWE-476,linux,"P-1;
P-2;
P-9;",raw_init,"[""sk"", ""ro""]",raw_init,310,"[""unregister_netdevice_notifier(& ro->notifier);""]",T-14;,raw_init,No,None,1
CVE-2011-1771,7797069305d13252fd66cf722aa8f2cbeb3c95cd,CWE-476,linux,"P-2;
P-4;
P-9;",cifs_close,"[""file"", ""private_data"", ""cifs_file""]",cifsFileInfo_put,287,"[""struct inode * inode= cifs_file->dentry->d_inode;""]",T-14;,"cifs_close
cifsFileInfo_put",Yes,caller type,2
CVE-2011-2928,338d0f0a6fbc82407864606f5b64b75aeb3c70f2,CWE-476,Linux,"P-2;
P-4;
P-9;
P-10;",befs_follow_link,"[""len""]",befs_read_lsymlink,149,"[""memcpy(buff + bytes_read, bh->b_data, plen);""]",T-15;,"befs_follow_link
befs_read_lsymlink",Yes,caller type,2
CVE-2011-3637,76597cd31470fa130784c78fadb4dab2e624a723,CWE-476,Linux,"P-4;
P-9;", m_stop,"[""vma""]",vma_stop,95,"[""up_read(& mm->mmap_sem);""]",T-14;," m_stop
vma_stop",Yes,caller type,2
CVE-2011-4081,7ed47b7d142ec99ad6880bbbec51e9f12b3af74c,CWE-476,Linux,"P-9;
P-11;","ghash_update
ghash_final","[""ctx"", ""gf128""]",gf128mul_4k_lle,452,"[""* r= t->t[ap[15]];""]",T-14;,"ghash_update
gf128mul_4k_lle",Yes,caller type,2
CVE-2011-4594,bc909d9ddbf7778371e36a651d6e4194b1cc7d4c,CWE-476,Linux,"P-4;
P-9;
P-10;",__sys_sendmsg,"[""msg_sys"", ""msg_name""]",__sys_sendmsg,1981,"[""memcpy(& used_address->name, msg->msg_name, used_address->name_len);""]",T-15;,__sys_sendmsg,No,None,1
CVE-2012-1016,db64ca25d661a47b996b4e2645998b5d7f0eb52c,CWE-476,krb5,"P-2;
P-10;",pkinit_server_return_padata,"[""rep""]",pkinit_server_return_padata,1020,"[""if (rep->u.dh_Info.kdfID) {;""]",T-14;,pkinit_server_return_padata,No,None,1
CVE-2017-6319,ad55822430a03fe075221b543efb434567e9e431,CWE-119,radare2,P-10;,dex_parse_debug_item,"[""argReg""]",dex_parse_debug_item,332,"[""debug_locals[argReg].name= \""this\"";""]",T-2;,dex_parse_debug_item,No,None,1
CVE-2017-6387,ead645853a63bf83d8386702cad0cf23b31d7eeb,CWE-125,radare2,P-10;,dex_loadcode,"[""bin"", ""methods"", ""i"", ""class_id""]",dex_loadcode,1509,"[""char * class_name= getstr(bin, bin->types[bin->methods[i].class_id].descriptor_id);""]",T-2;,dex_loadcode,No,None,1
CVE-2017-6448,f41e941341e44aa86edd4483c4487ec09a074257,CWE-119,radare2,P-4;,dalvik_disassemble,"[""op"", ""buf_asm""]",dalvik_disassemble,29,"[""sprintf(op->buf_asm, \""packed - switch - payload % d, % d\"", array_size, first_key);""]",T-1;,dalvik_disassemble,No,None,1
CVE-2017-7274,7ab66cca5bbdf6cb2d69339ef4f513d95e532dbf,CWE-476,radare2,P-10;,r_pkcs7_parse_cms,"[""object"", ""list"", ""objects""]",r_pkcs7_parse_cms,287,"[""if (!object || object->list.length != 2 || !object->list.objects[0] || object->list.objects[1]->list.length != 1);""]",T-14;,r_pkcs7_parse_cms,No,None,1
CVE-2017-7854,d2632f6483a3ceb5d8e0a5fb11142c51c43978b4,CWE-125,radare2,"P-9;
P-10;","r_bin_wasm_get_code_entries
r_bin_wasm_get_data_entries
r_bin_wasm_get_table_entries
r_bin_wasm_get_global_entries
r_bin_wasm_get_element_entries","[""len""]",consume_init_expr,72,"[""while (buf + i < max && buf[i] != eoc);""]",T-2;,"r_bin_wasm_get_data_entries
consume_init_expr",Yes,caller type,2
CVE-2017-9761,00e8f205475332d7842d0f0d1481eeab4e83017c,CWE-119,radare2,P-2;,r_core_cmd_subst_i,"[""cmd""]",find_eop,1394,"[""for (;"", ""* p;"", ""p++) {;""]",T-3;,"r_core_cmd_subst_i
find_eop",Yes,caller type,2
CVE-2017-9763,65000a7fd9eea62359e6d6714f17b94a99a82edd,CWE-119,radare2,"P-2;
P-9;","cmd_mount
grub_ext4_find_leaf
grub_ext2_read_block
find_file
grub_err_t read_foo
grubfs_free","[""buf""]",grub_ext2_read_block,389,"[""char buf[EXT2_BLOCK_SIZE(data)];""]",T-2;,grub_ext2_read_block,No,None,1
CVE-2017-9949,796dd28aaa6b9fa76d99c42c4d5ff8b257cc2191,CWE-787,radare2,"P-2;
P-9;","_server_handle_vCont
grub_ext2_read_block
grub_ext2_iterate_dir
grub_fshelp_read_file","[""dirent"", ""namelen"", ""+"", ""1""]",grub_ext2_iterate_dir,683,"[""char filename[dirent.namelen + 1];""]",T-2;,grub_ext2_iterate_dir,No,None,1
CVE-2018-11375,041e53cab7ca33481ae45ecd65ad596976d78e68,CWE-125,radare2,P-9;,INST_HANDLER (ldi),"[""buf""]",INST_HANDLER (ldi),916,"[""int k= (buf[3] << 8) | buf[2];""]",T-2;,INST_HANDLER (ldi),No,None,1
CVE-2018-11376,1f37c04f2a762500222dda2459e6a04646feeedf,CWE-125,radare2,"P-9;
P-10;","process_constructors
bin_entry","[""sec"", ""i""]",r_read_le32,176,"[""return (((ut32) s[3]) << 24) | (((ut32) s[2]) << 16) | (((ut32) s[1]) << 8) | (((ut32) s[0]) << 0);""]",T-2;,"process_constructors
r_read_le32",Yes,caller type,2
CVE-2018-20461,a1bc65c3db593530775823d6d7506a457ed95267,CWE-125,radare2,"P-2;
P-10;",core_anal_bytes,"[""buf"", ""j""]",core_anal_bytes,1572,"[""r_cons_printf(\"" % 02x\"", buf[j + idx]);""]",T-2;,core_anal_bytes,No,None,1
CVE-2017-9520,f85bc674b2a2256a364fe796351bc1971e106005,CWE-416,radare2,P-1;,r_config_set,"[""node"", ""value""]",r_config_set,391,"[""free(node->value);""]",T-12;,r_config_set,No,None,1
CVE-2018-12320,90b71c017a7fa9732fe45fd21b245ee051b1f548,CWE-416,radare2,P-9;,r_anal_bb_free,"[""bb""]",r_anal_bb_free,65,"[""R_FREE(bb);""]",T-12;,r_anal_bb_free,No,None,1
CVE-2016-8691,d8c2604cd438c41ec72aff52c16ebd8183068020,CWE-369,jasper,P-9;,jpc_siz_getparms,"[""siz"", ""comps"", ""i"", ""hsamp""]",jpc_dec_process_siz,1194,"[""cmpt->width= JPC_CEILDIV(dec->xend, cmpt->hstep) - JPC_CEILDIV(dec->xstart, cmpt->hstep);""]",T-19;,"jpc_dec_decode
jpc_getms
jpc_ms_create
jpc_mstab_lookup
jpc_siz_getparms
jpc_dec_mstab_lookup
jpc_dec_process_siz",Yes,callee type,7
CVE-2016-8692,d8c2604cd438c41ec72aff52c16ebd8183068020,CWE-369,jasper,P-9;,jpc_siz_getparms,"[""cmpt"", ""hstep""]",jpc_dec_process_siz,1196,"[""cmpt->height= JPC_CEILDIV(dec->yend, cmpt->vstep) - JPC_CEILDIV(dec->ystart, cmpt->vstep);""]",T-19;,"jpc_dec_decode
jpc_getms
jpc_ms_create
jpc_mstab_lookup
jpc_siz_getparms
jpc_dec_mstab_lookup
jpc_dec_process_siz",Yes,callee type,7
CVE-2017-1000414,b4e458612d4294e0cfe01dbf1c0b09a07a8133a4,CWE-369,JPEGsnoop,P-9;,CjfifDecode::DecodeMarker(),"[""m_anSofHorzSampFact_Hi，"", ""m_anSofHorzSampFact_Vi""]",CjfifDecode::DecodeMarker(),4933,"[""strSubsampH.Format(_T(\"" % u\""), m_nSofHorzSampFactMax_Hmax / m_anSofHorzSampFact_Hi[nCompIdent]);""]",T-17;,CjfifDecode::DecodeMarker(),No,None,1
CVE-2017-11464,ecf9267a24b2c3c0cd211dbdfa9ef2232511972a,CWE-369,librsvg,"P-3;
P-6;
P-10;","box_blur_line
gaussian_blur_surface","[""box_width"", ""coverage""]",box_blur_line,1487,"[""dest[bpp * output + i]= (ac[i] + (coverage >> 1)) / coverage;""]",T-17;,"gaussian_blur_surface
box_blur_line",Yes,caller type,2
CVE-2016-9922,4299b90e9ba9ce5ca9024572804ba751aa1a7e70,CWE-369,qemu,"P-4;
P-9;","cirrus_update_memory_access
cirrus_do_copy
cirrus_bitblt_videotovideo_copy","[""depth""]",cirrus_do_copy,"[735, 737, 741]","[""sx= (src % ABS(s->cirrus_blt_srcpitch)) / depth;"", ""dx= (dst % ABS(s->cirrus_blt_dstpitch)) / depth;"", ""w/= depth;""]",T-17;,cirrus_do_copy,No,None,1
CVE-2016-6870,365abe807cab2d60dc9ec307292a06181f77a9c2,CWE-787,hhvm,"P-2;
P-4;
P-9;","php_mb_parse_encoding_list
HHVM_FUNCTION","[""tmpstr""]",php_mb_parse_encoding_list,566,"[""endp= tmpstr + value_length;""]",T-3;,php_mb_parse_encoding_list,No,None,1
CVE-2016-7126,b6f13a5ef9d6280cf984826a5de012a32c396cd4,CWE-787,PHP,"P-10;
P-11;",PHP_MINIT_FUNCTION,"[""ncolor""]",select_colors,801,"[""boxlist[0].c0min= 0;""]",T-2;,"PHP_MINIT_FUNCTION
gdImageTrueColorToPalette
gdImageTrueColorToPaletteBody
select_colors",Yes,caller type,4
CVE-2016-7127,1bd103df00f49cf4d4ade2cfe3f456ac058a4eae,CWE-787,PHP,P-9;,PHP_FUNCTION,"[""input"", ""output""]",PHP_FUNCTION,3105,"[""gdImageSetPixel(im, x, y, gdTrueColorAlpha((int) ((pow((pow((gdTrueColorGetRed(c) / 255.0), input)), 1.0 / output) * 255) +.5), (int) ((pow((pow((gdTrueColorGetGreen(c) / 255.0), input)), 1.0 / output) * 255) +.5), (int) ((pow((pow((gdTrueColorGetBlue(c) / 255.0), input)), 1.0 / output) * 255) +.5), gdTrueColorGetAlpha(c)) };""]",T-2;,PHP_FUNCTION,No,None,1
CVE-2016-7161,a0d1cbdacff5df4ded16b753b38fdd9da6092968,CWE-787,qemu,P-9;,eth_rx,"[""size""]",eth_rx,200,"[""memcpy(& s->regs[rxbase + R_RX_BUF0], buf, size);""]",T-1;,eth_rx,No,None,1
CVE-2018-16435,768f70ca405cd3159d990e962d54456773bb8cf8,CWE-787,Little-CMS,"P-2;
P-10;",AllocateDataSet,"[""nSamples""]",AllocateDataSet,1551,"[""t->Data[nSet * t->nSamples + nField]= AllocString(it8, Val);""]",T-2;,"SetData
AllocateDataSet",Yes,callee type,2
CVE-2018-16542,b575e1ec42cc86f6a58c603f2a88fcc2af699cc8,CWE-787,ghostpdl,P-2;,gs_call_interp,"[""osp""]",gs_call_interp,679,"[""* ++osp= * perror_object;""]",T-3;,gs_call_interp,No,None,1
CVE-2018-17942,278b4175c9d7dd47c1a3071554aac02add3b3c35,CWE-787,gnulib,P-6;,convert_to_decimal,"[""d_ptr""]",convert_to_decimal,901,"[""* d_ptr= '\\0';""]",T-3;,convert_to_decimal,No,None,1
CVE-2018-18311,34716e2a6ee2af96078d62b065b7785c001194be,CWE-787,perl5,"P-2;
P-6;
P-10;
P-11;","Perl_new_warnings_bitfield
Perl_my_setenv","[""tmpenv""]",Perl_my_setenv,2103,"[""Copy(environ[j], tmpenv[j], len + 1, char);""]",T-1;,Perl_my_setenv,No,None,1
CVE-2016-5689,5511ef530576ed18fd636baa3bb4eda3d667665d,CWE-476,ImageMagick,"P-2;
P-9;
P-10;",ReadDCMImage,"[""data""]",ReadDCMImage,3220,"[""photometric[i]= (char) data[i];""]",T-2;,ReadDCMImage,No,None,1
CVE-2018-5806,9f26ce37f5be86ea11bfc6831366558650b1f6ff,CWE-476,LibRaw,"P-2;
P-10;","leaf_hdr_load_raw
identify",[],leaf_hdr_load_raw,2100,"[""image[row * width + col][c]= pixel[col + left_margin];""]",T-2;,leaf_hdr_load_raw,No,None,1
CVE-2018-5807,fd6330292501983ac75fe4162275794b18445bd9,CWE-125,LibRaw,P-10;,"fMAX
nikon_coolscan_load_raw
rollei_load_raw
samsung_load_raw
parse_exif","[""todo [ i ]""]",rollei_load_raw,1526,"[""raw_image[todo[i]]= (todo[i + 1] & 0x3ff);""]",T-2;,rollei_load_raw,No,None,1
CVE-2018-5808,fd6330292501983ac75fe4162275794b18445bd9,CWE-787,LibRaw,P-9;,"nikon_coolscan_load_raw
rollei_load_raw
samsung_load_raw
parse_exif
find_green","[""width""]",find_green,13752,"[""img[c][col]= bitbuf << (64 - bps - vbits) >> (64 - bps);""]",T-2;,find_green,No,None,1
CVE-2018-5809,fd6330292501983ac75fe4162275794b18445bd9,CWE-787,LibRaw,"P-2;
P-10;","nikon_coolscan_load_raw
rollei_load_raw
samsung_load_raw
parse_exif
find_green","[""pos""]",parse_exif,9909,"[""memcpy(ccms, pos, l);""]",T-1;,parse_exif,No,None,1
CVE-2018-5810,fd6330292501983ac75fe4162275794b18445bd9,CWE-787,LibRaw,"P-2;
P-9;","nikon_coolscan_load_raw
rollei_load_raw
samsung_load_raw
parse_exif
find_green","[""todo [ i ]""]",rollei_load_raw,1526,"[""raw_image[todo[i]]= (todo[i + 1] & 0x3ff);""]",T-2;,rollei_load_raw,No,None,1
CVE-2018-5811,fd6330292501983ac75fe4162275794b18445bd9,CWE-125,LibRaw,P-2;,"nikon_coolscan_load_raw
rollei_load_raw
samsung_load_raw
parse_exif
find_green","[""bufsize""]",nikon_coolscan_load_raw,1241,"[""int red= fread(buf, 1, bufsize, ifp);""]",T-1;, nikon_coolscan_load_raw,No,None,1
CVE-2018-5812,fd6330292501983ac75fe4162275794b18445bd9,CWE-476,LibRaw,P-9;,"nikon_coolscan_load_raw
rollei_load_raw
samsung_load_raw
parse_exif
find_green","[""image""]",nikon_coolscan_load_raw,1242,"[""unsigned short(* ip)[4]= (unsigned short(*)[4]) image + row * width;""]",T-14;, nikon_coolscan_load_raw,No,None,1
CVE-2018-5815,1334647862b0c90b2e8cb2f668e66627d9517b17,CWE-190,LibRaw,P-9;,parse_qt,"[""size"", ""save"", ""+""]",parse_qt,12405,"[""fseek(ifp, save + size, SEEK_SET);""]",T-4;, parse_qt,No,None,1
CVE-2018-5816,1d8d1b452e5dc74033ee9f846081a0efb616cc39,CWE-190,LibRaw,P-9;,identify,"[""i * 8"", ""/"", ""( width"", ""*"", ""height )""]",identify,14404,"[""raw_height= height + (top_margin= i / (width * tiff_bps / 8) - height);""]",T-17;, identify,No,None,1
CVE-2009-2768,3440625d78711bee41a84cf29c3d8c579b522666,CWE-476,linux,"P-1;
P-3;
P-4;",load_flat_shared_library,"[""bprm"", ""cred""]",load_flat_shared_library,835,"[""if (bprm.file);""]",T-14;,load_flat_shared_library,No,None,1
CVE-2010-0006,2570a4f5428bcdb1077622342181755741e7fa60,CWE-476,linux,"P-4;
P-7;","ipv6_hop_jumbo
ipv6_skb_net","[""skb""]",ipv6_hop_jumbo,584,"[""struct net * net= dev_net(skb_dst(skb)->dev);""]",T-14;,ipv6_hop_jumbo,No,None,1
CVE-2010-2495,3feec9095d12e311b7d4eb7fe7e5dfa75d4a72a5,CWE-476,linux,P-10;,pppol2tp_xmit,"[""skb""]",pppol2tp_xmit,1184,"[""skb->ip_summed= CHECKSUM_COMPLETE;""]",T-14;,pppol2tp_xmit,No,None,1
CVE-2010-3849,fa0e846494792e722d817b9d3d625a4ef4896c96,CWE-476,linux,P-10;,econet_sendmsg,"[""eo""]",econet_sendmsg,303,"[""addr.station= eo->station;""]",T-14;,econet_sendmsg,No,None,1
CVE-2010-4263,31b24b955c3ebbb6f3008a6374e61cf7c05a193c,CWE-476,linux,P-10;,igb_receive_skb,"[""adapter""]",igb_receive_skb,5105,"[""if (vlan_tag && adapter->vlgrp);""]",T-14;,igb_receive_skb,No,None,1
CVE-2010-4342,4e085e76cbe558b79b54cbab772f61185879bc64,CWE-476,linux,"P-2;
P-9;",aun_incoming,"[""dst""]",aun_incoming,856,"[""struct ec_device * edev= skb->dev->ec_ptr;""]",T-14;,aun_incoming,No,None,1
CVE-2010-4346,462e635e5b73ba9a4c03913b77138cd57ce4b050,CWE-476,linux,"P-1;
P-3;
P-9;",install_special_mapping,"[""mm""]",,359,"[""__rb_link= & mm->mm_rb.rb_node;""]",T-14;,"install_special_mapping
insert_vm_struct
find_vma_prepare
",Yes,caller type,3
CVE-2011-1076,1362fa078dae16776cd439791c6605b224ea6171,CWE-476,linux,"P-4;
P-7;","dns_resolver_instantiate
dns_resolver_describe","[""key""]",dns_resolver_instantiate,70,"[""kenter(\"" % % % d, % s, ' % s', % zu\"", key->serial, key->description, data, datalen);"", ""location : 70 cross_layer : 1 file : dns_key.c;""]",T-14;,dns_resolver_instantiate,No,None,1
CVE-2010-3080,27f7ad53829f79e799a253285318bff79ece15bd,CWE-415,linux,"P-3;
P-4;","snd_seq_oss_open
delete_port","[""dp""]",snd_seq_oss_open,290,"[""kfree(dp);""]",T-12;,snd_seq_oss_open,No,None,1
CVE-2015-8962,f3951a3709ff50990bf3e188c27d346792103432,CWE-415,linux,"P-3;
P-9;",sg_common_write,"[""srp"", ""rq"", ""cmd""]",sg_finish_rem_req,1790,"[""kfree(srp->rq->cmd);""]",T-12;,"sg_common_write
sg_finish_rem_req",Yes,caller type,2
CVE-2010-4160,8acfe468b0384e834a303f08ebc4953d72fb690a,CWE-190,linux,"P-9;
P-11;",iov_from_user_compat_to_kern,"[""len""]",iov_from_user_compat_to_kern,45,"[""tot_len= - EFAULT;""]",T-4;,iov_from_user_compat_to_kern,No,None,1
CVE-2010-4162,cb4644cac4a2797afc847e6c92736664d4b0ea34,CWE-190,linux,P-9;,"bio_copy_user_iov
__bio_map_user_iov","[""end""]",bio_copy_user_iov,837,"[""nr_pages+= end - start;""]",T-4;,bio_copy_user_iov,No,None,1
CVE-2017-11399,ba4beaf6149f7241c8bd85fe853318c2f6837ad0,CWE-125,ffmpeg,"P-4;
P-5;
P-10;",ape_decode_frame,"[""nblocks""]",ape_decode_frame,1496,"[""av_fast_malloc(& s->decoded_buffer, & s->decoded_size, 2 * FFALIGN(blockstodecode, 8) * sizeof (* s->decoded_buffer));""]",T-1;,ape_decode_frame,No,None,1
CVE-2017-11719,296debd213bd6dce7647cedd34eb64e5b94cdc92,CWE-125,ffmpeg,"P-9;
P-10;
P-11;",dnxhd_decode_header,"[""ctx"", ""mb_height""]",dnxhd_decode_header,323,"[""ctx->mb_scan_index[i]= AV_RB32(buf + 0x170 + (i << 2));""]",T-2;,dnxhd_decode_header,No,None,1
CVE-2017-15672,c20f4fcb74da2d0432c7b54499bb98f48236b904,CWE-125,ffmpeg,P-10;,read_header,"[""c""]",read_header,736,"[""FFV1Context * fs= f->slice_context[j];""]",T-2;,read_header,No,None,1
CVE-2017-16840,a94cb36ab2ad99d3a1331c9f91831ef593d94f74,CWE-125,ffmpeg,"P-1;
P-2;
P-4;
P-8;","vc2_subband_dwt_haar_shift
ff_vc2enc_free_transforms","[""s"", ""buffer""]",ff_vc2enc_free_transforms,277,"[""av_freep(& s->buffer);""]",T-1;,ff_vc2enc_free_transforms,No,None,1
CVE-2009-2287,59839dfff5eabca01cc4e20b45797a60a80af8cb,CWE-476,linux,"P-2;
P-3;
P-9;",kvm_arch_vcpu_ioctl_set_sregs,"[""sregs"", ""cr3""]",kvm_arch_vcpu_ioctl_set_sregs,"[3996, 4020]","[""vcpu->arch.cr3= sregs->cr3;"", ""load_pdptrs(vcpu, vcpu->arch.cr3);""]",T-14;,kvm_arch_vcpu_ioctl_set_sregs,No,None,1
CVE-2010-2798,728a756b8fcd22d80e2dbba8117a8a3aafd3f203,CWE-476,linux,P-2;,gfs2_dirent_find_space,"[""actual""]",gfs2_dir_add,1571,"[""struct gfs2_inode * ip= GFS2_I(inode);""]",T-15;,"gfs2_rename
gfs2_diradd_alloc_required
gfs2_dirent_search
gfs2_dirent_find_space
gfs2_dirent_scan
gfs2_dir_add",Yes,callee type,6
CVE-2010-3437,252a52aa4fa22a668f019e55b3aac3ff71ec1c29,CWE-476,linux,P-8;,pkt_find_dev_from_minor,"[""dev_minor""]",pkt_find_dev_from_minor,2376,"[""return pkt_devs[dev_minor];""]",T-2;,pkt_find_dev_from_minor,No,None,1
CVE-2016-8670,53110871935244816bbb9d131da0bccff734bfe9,CWE-119,libgd,P-10;,dynamicGetbuf,"[""remain""]",dynamicGetbuf,290,"[""memcpy(buf, (void *) ((char *) dp->data + dp->pos), rlen);""]",T-1;,dynamicGetbuf,No,None,1
"CVE-2016-6911	
",4859d69e07504d4b0a4bdf9bcb4d9e3769ca35ae	,CWE-125,libgd,P-9;,dynamicGetbuf,"[""rlen""]",dynamicGetbuf,290,"[""memcpy(buf, (void *) ((char *) dp->data + dp->pos), rlen);""]",T-1;,dynamicGetbuf,No,None,1
CVE-2016-9540,5ad9d8016fbb60109302d558f7edb2cb2a3bb8e3,CWE-119,libtiff,P-10;,"DECLAREreadFunc
DECLAREwriteFunc","[""colb""]",cpStripToTile,1171,"[""* out++ = * in++;""]",T-3;,"DECLAREreadFunc
cpStripToTile",Yes,caller type,2
CVE-2017-5225,5c080298d59efa53264d7248bbe3a04660db6ef7,CWE-119,libtiff,"P-4;
P-9;","tiffcp
DECLAREcpFunc
pickCopyFunc","[""in""]",TIFFReadScanline,304,"[""e= (* tif->tif_decoderow) (tif, (uint8 *) buf, tif->tif_scanlinesize, sample);""]",T-1;,"DECLAREcpFunc
TIFFReadScanline",Yes,caller type,2
CVE-2014-0160,96db9023b881d7cd9f379b0c154650d6c108e9a3,CWE-119,openssl,"P-2;
P-4;
P-9;",dtls1_process_heartbeat,"[""payload""]",dtls1_process_heartbeat,1487,"[""memcpy(bp, pl, payload);""]",T-3;,dtls1_process_heartbeat,No,None,1
CVE-2014-0195,1632ef744872edc2aa2a53d487d3e79c965a4ad3,CWE-119,openssl,P-9;,dtls1_reassemble_fragment,"[""frag"", ""msg_header"", ""msg_len""]",dtls1_reassemble_fragment,625,"[""memcpy(& (frag->msg_header), msg_hdr, sizeof (* msg_hdr));""]",T-1;,dtls1_reassemble_fragment,No,None,1
CVE-2014-3512,4a23b12a031860253b58d503f296377ca076427b,CWE-119,openssl,P-9;,"srp_Calc_k
SRP_Calc_u","[""N""]",srp_Calc_k,98,"[""EVP_DigestUpdate(& ctxt, tmp, longN);""]",T-1;,srp_Calc_k,No,None,1
CVE-2014-8176,470990fee0182566d439ef7e82d1abf18b7085d7,CWE-119,openssl,"P-4;
P-9;",dtls1_clear_queues,"[""frag""]",dtls1_clear_queues,206,"[""OPENSSL_free(frag->fragment);""]",T-1;,dtls1_clear_queues,No,None,1
CVE-2015-0206,103b171d8fc282ef435f8de9afbf7782e312961f,CWE-119,openssl,P-9;,"dtls1_buffer_record
dtls1_process_buffered_records
dtls1_process_record
dtls1_get_record
dtls1_read_bytes","[""s"", ""s3"", ""rrec"", ""seq_num""]",dtls1_record_replay_check,1710,"[""memcpy(s->s3->rrec.seq_num, seq, 8);""]",T-1;,"dtls1_get_record
dtls1_record_replay_check",Yes,caller type,2
CVE-2015-0292,d0666f289ac013094bbbf547bfbcd616199b7d2d,CWE-119,openssl,P-9;,EVP_DecodeUpdate,"[""v"", ""eof""]",EVP_DecodeUpdate,351,"[""* outl= ret;""]",T-3;,EVP_DecodeUpdate,No,None,1
CVE-2015-1789,f48b83b4fb7d6689584cf25f61ca63a4891f5b11,CWE-119,openssl,"P-1;
P-2;
P-9;
P-10;",X509_cmp_time,"[""str""]",X509_cmp_time,"[1834, 1835]","[""* (p++)= * (str++);"", ""* (p++)= * (str++);""]",T-3;,X509_cmp_time,No,None,1
CVE-2016-10266,438274f938e046d33cb0e1230b41da32ffe223e1,CWE-369,libtiff,P-2;,TIFFReadEncodedStrip,"[""rowsperstrip""]",TIFFReadEncodedStrip,"[350, 351]","[""stripinplane= (strip % stripsperplane);"", ""plane= (uint16) (strip / stripsperplane);""]",T-17;,TIFFReadEncodedStrip,No,None,1
CVE-2016-10267,43bc256d8ae44b92d2734a3c5bc73957a4d7c1ec,CWE-369,libtiff,"P-1;
P-5;","OJPEGPreDecode
OJPEGDecode","[""decoder_ok""]",OJPEGDecodeRaw,816,"[""if (cc % sp->bytes_per_line != 0);""]",T-17;,"OJPEGDecode
OJPEGDecodeRaw",Yes,caller type,2
CVE-2016-10506,d27ccf01c68a31ad62b33d2dc1ba2bb1eeaafe7b,CWE-369,OpenJPEG,P-9;,"opj_pi_next_rpcl
opj_pi_next_pcrl
opj_pi_next_cprl","[""rpx, rpy""]",opj_pi_next_rpcl,372,"[""if (!((pi->y % (OPJ_INT32) (comp->dy << rpy)= == 0) || ((pi->y= == pi->ty0) && ((try0 << levelno) % (1 << rpy))))) {;""]",T-17;,opj_pi_next_rpcl,No,None,1
CVE-2015-1191,fdad1406b3ec809f4954ff7cdf9e99eb18c2458f,CWE-22,pigz,"P-3;
P-4;
P-5;
P-6;
P-10;",process,"[""g""]",process,3541,"[""g.outd= open(g.outf, O_CREAT | O_TRUNC | O_WRONLY | (g.force ? 0 : O_EXCL), 0600);""]",T-6;,process,No,None,1
CVE-2015-2304,59357157706d47c365b2227739e17daba3607526,CWE-22,libarchive,P-10;,cleanup_pathname,"[""a""]",create_dir,2706,"[""if (mkdir(path, mode)= == 0) {;""]",T-6;,"cleanup_pathname
_archive_write_disk_header
edit_deep_directories
create_dir",Yes,callee type,4
CVE-2017-10810,385aee965b4e4c36551c362a334378d2985b722a,CWE-772,Linux,"P-3;
P-10;",virtio_gpu_object_create,"[""bo""]",virtio_gpu_object_create,85,"[""return ret;""]",T-10;,virtio_gpu_object_create,No,None,1
CVE-2017-12190,2b04e8f6bbb196cab4b232af0f8d48ff2c7a8058,CWE-772,Linux,"P-1;
P-3;
P-9;",bio_map_user_iov,"[""pages""]",bio_map_user_iov,1423,"[""return bio;""]",T-10;,bio_map_user_iov,No,None,1
CVE-2017-6307,1a17af1ed0c791aec44dbdc9eab91218cc1e335a,CWE-787,tnef,P-3;,mapi_attr_read,"[""a"", ""names"", ""i"", ""len""]",mapi_attr_read,216,"[""a->names[i].data[j]= (buf + idx)[j * 2];""]",T-2;,mapi_attr_read,No,None,1
CVE-2017-6439,32ee5213fe64f1e10ec76c1ee861ee6f233120dd,CWE-787,libplist,P-10;,parse_bin_node,"[""* object"", ""+"", ""size""]",parse_string_node,298,"[""memcpy(data->strval, * bnode, size);""]",T-1;,"parse_bin_node
parse_string_node",Yes,caller type,2
CVE-2017-7862,8c2ea3030af7b40a3c4275696fb5c76cdb80950a,CWE-787,FFmpeg,P-10;,decode_frame,"[""avctx""]",decode_frame,153,"[""memset(frame->data[0], 0, s->height * frame->linesize[0]);""]",T-1;,decode_frame,No,None,1
CVE-2008-3275,d70b67c8bc72ee23b55381bd6a884f4796692f77,CWE-120,linux,"P-1;
P-2;
P-9;","real_lookup
__lookup_hash","[""dir""]",real_lookup,522,"[""struct dentry * dentry= d_alloc(parent, name);""]",T-1;,real_lookup,No,None,1
CVE-2010-2492,a6f80fb7b5986fda663d94079d3bba0937a6b6ff,CWE-120,linux,"P-4;
P-6;
P-8;
P-10;","ecryptfs_init_messaging
ecryptfs_release_messaging","[""ecryptfs_hash_buckets""]",ecryptfs_init_messaging,492,"[""ecryptfs_daemon_hash= kmalloc((sizeof (struct hlist_head) * ecryptfs_hash_buckets), GFP_KERNEL);""]",T-1;,ecryptfs_init_messaging,No,None,1
CVE-2010-4527,d81a12bc29ae4038770e05dce4ab7f26fd5880fb,CWE-120,linux,"P-4;
P-10;",load_mixer_volumes,"[""name""]",load_mixer_volumes,90,"[""if (strcmp(name, mixer_vols[i].name)= == 0) {;""]",T-1;,load_mixer_volumes,No,None,1
CVE-2011-1010,fa7ea87a057958a8b7926c1a60a3ca6d696328ed,CWE-120,linux,"P-1;
P-2;
P-4;
P-6;
P-10;",mac_partition,"[""blk""]",mac_partition,67,"[""data= read_part_sector(state, pos / 512, & sect);""]",T-1;,mac_partition,No,None,1
CVE-2011-2534,961ed183a9fd080cf306c659b8736007e44065a5,CWE-120,linux,"P-1;
P-9;
P-10;",clusterip_proc_write,"[""size""]",clusterip_proc_write,667,"[""if (copy_from_user(buffer, input, PROC_WRITELEN));""]",T-1;,clusterip_proc_write,No,None,1
CVE-2011-2700,dc6b845044ccb7e9e6f3b7e71bd179b3cf0223b6,CWE-120,linux,P-10;,si4713_write_econtrol_string,"[""len""]",si4713_write_econtrol_string,1045,"[""ps_name[len]= '\\0';""]",T-2;,si4713_write_econtrol_string,No,None,1
CVE-2013-1415,f249555301940c6df3a2cdda13b56b5674eebc2e,CWE-476,krb5,P-11;,pkinit_check_kdc_pkid,"[""is""]",pkinit_check_kdc_pkid,3267,"[""X509_NAME_free(is->issuer);""]",T-14;,pkinit_check_kdc_pkid,No,None,1
CVE-2013-1416,8ee70ec63931d1e38567905387ab9b1d45734d81,CWE-476,krb5,"P-3;
P-9;",prep_reprocess_req,"[""comp1，comp2""]",prep_reprocess_req,1144,"[""strlcpy(comp1_str, comp1->data, comp1->length + 1);""]",T-14;,prep_reprocess_req,No,None,1
CVE-2013-1418,c2ccf4197f697c4ff143b8a786acdd875e70a89d,CWE-476,krb5,"P-9;
P-11;",setup_server_realm,"[""sprinc""]",setup_server_realm,144,"[""if (!(newrealm= find_realm_data(sprinc->realm.data, (krb5_ui_4) sprinc->realm.length)));""]",T-14;,setup_server_realm,No,None,1
CVE-2017-14039,c535531f03369623b9b833ef41952c62257b507e,CWE-787,openjpeg,"P-3;
P-9;
P-11;","opj_j2k_write_sot
opj_j2k_write_sod","[""p_total_data_size""]",opj_write_bytes_LE,67,"[""* (p_buffer++)= * (l_data_ptr--);""]",T-1;,"opj_j2k_write_sod
opj_write_bytes_LE",Yes,caller type,2
CVE-2017-14040,2cd30c2b06ce332dede81cccad8b334cde997281,CWE-787,openjpeg,"P-1;
P-2;
P-3;
P-8;
P-9;","tga_readheader
tgatoimage","[""image_height，image_width""]",tgatoimage,928,"[""image->comps[3].data[index]= a;""]",T-14;,tgatoimage,No,None,1
CVE-2017-14041,e5285319229a5d77bf316bb0d3a6cbd3cb8666d9,CWE-787,openjpeg,P-10;,pgxtoimage,"[""无关键变量""]",pgxtoimage,1188,"[""if (fscanf(f, \""PG %[\\t] % c % c %[\\t + -] % d %[\\t] % d %[\\t] % d\"", temp, & endian1, & endian2, signtmp, & prec, temp, & w, temp, & h) != 9) {;""]",T-1;,pgxtoimage,No,None,1
CVE-2017-14152,4241ae6fbbf1de9658764a80944dc8108f2b4154,CWE-787,openjpeg,"P-1;
P-2;
P-10;",opj_j2k_set_cinema_parameters,"[""numresolution""]",opj_write_bytes_LE,67,"[""* (p_buffer++)= * (l_data_ptr--);""]",T-3;,"opj_j2k_set_cinema_parameters
opj_j2k_setup_encoder
opj_write_bytes_LE",Yes,callee type,3
CVE-2018-20847,5d00b719f4b93b1445e6fb4c766b9a9883c57949,CWE-190,openjpeg,P-2;,opj_tcd_init_tile,"[""l_tile"", ""x0"", ""x1"", ""y1""]",opj_tcd_init_tile,"[720, 721, 722, 723]","[""l_tilec->x0= opj_int_ceildiv(l_tile->x0, (OPJ_INT32) l_image_comp->dx);"", ""l_tilec->y0= opj_int_ceildiv(l_tile->y0, (OPJ_INT32) l_image_comp->dy);"", ""l_tilec->x1= opj_int_ceildiv(l_tile->x1, (OPJ_INT32) l_image_comp->dx);"", ""l_tilec->y1= opj_int_ceildiv(l_tile->y1, (OPJ_INT32) l_image_comp->dy);""]",T-4;,opj_tcd_init_tile,No,None,1
CVE-2015-8897,7b1cf5784b5bcd85aa9293ecf56769f68c037231,CWE-125,ImageMagick,"P-1;
P-2;
P-10;",SpliceImage,"[""p""]",SpliceImage,653,"[""pixel[image->channel_map[channel].offset]= quantum;""]",T-2;,"SetPixelChannel
SpliceImage",Yes,caller type,2
CVE-2016-7514,280215b9936d145dd5ee91403738ccce1333cab1,CWE-125,ImageMagick,"P-7;
P-10;","ReversePSDString
ReadPSDChannelPixels","[""image"", ""alpha_trait""]",ReadPSDMergedImage,"[1726, 1207]","[""status= ReadPSDChannelRLE(image, psd_info, i, offsets + (i * image->rows), exception);"", ""status= ReadPSDChannelZip(channel_image, layer_info->channels, layer_info->channel_info[channel].type, compression, layer_info->channel_info[channel].size - 2, exception);""]",T-1;,"ReadPSDChannelPixels
ReadPSDMergedImage",Yes,caller type,2
CVE-2016-7514,e14fd0a2801f73bdc123baf4fbab97dec55919eb,CWE-125,ImageMagick,P-4;,ReadPSDChannelPixels,"[""image"", ""q""]",ReadPSDChannelPixels,837,"[""SetPixelViaPixelInfo(image, image->colormap + (ssize_t) GetPixelIndex(image, q), q);""]",T-2;,ReadPSDChannelPixels,No,None,1
CVE-2017-5667,42922105beb14c2fc58185ea022b9f72fb5465e9,CWE-125,qemu,P-4;,sdhci_sdma_transfer_multi_blocks,"[""begin""]",dma_memory_rw_relaxed,87,"[""return (bool) address_space_rw(as, addr, MEMTXATTRS_UNSPECIFIED, buf, len, dir= == DMA_DIRECTION_FROM_DEVICE);""]",T-1;,"sdhci_sdma_transfer_multi_blocks
dma_memory_read
dma_memory_rw
dma_memory_rw_relaxed",Yes,caller type,4
CVE-2019-13295,a7759f410b773a1dd57b0e1fb28112e1cd8b97bc,CWE-125,ImageMagick,P-9;,AdaptiveThresholdImage,"[""width""]",AdaptiveThresholdImage,326,"[""mean= (double) (channel_sum[channel] / number_pixels + bias);""]",T-17;,AdaptiveThresholdImage,No,None,1
CVE-2019-13297,604588fc35c7585abb7a9e71f69bb82e4389fefc,CWE-125,ImageMagick,P-10;,AdaptiveThresholdImage,"[""height""]",AdaptiveThresholdImage,328,"[""mean= (double) (channel_sum[channel] / number_pixels + bias);""]",T-17;,AdaptiveThresholdImage,No,None,1
CVE-2019-13303,d29148fae06c01ef215940e084cf41853c117bab,CWE-125,ImageMagick,"P-2;
P-10;",CompositeImage,"[""image""]",SetPixelChannel,701,"[""pixel[image->channel_map[channel].offset]= quantum;""]",T-2;,"CompositeImage
SetPixelChannel",Yes,caller type,2
CVE-2016-4805,1f461dcdd296eecedaffffc6bae2bfa90bd7eb89,CWE-416,linux,"P-1;
P-2;
P-7;","ppp_register_net_channel
ppp_unregister_channel","[""pch"", ""chan_net""]",ppp_destroy_channel,3009,"[""kfree(pch);""]",T-12;,"ppp_unregister_channel
ppp_destroy_channel",Yes,caller type,2
CVE-2016-7910,77da160530dd1dc94f6ae15a981f24e5f0021e84,CWE-416,linux,P-1;,disk_seqf_stop,"[""seqf"", ""private""]",disk_seqf_stop,858,"[""kfree(iter);""]",T-12;,disk_seqf_stop,No,None,1
CVE-2017-10661,1e38da300e1e395a15048b0af1e5305bd91402f6,CWE-416,linux,"P-3;
P-4;
P-5;","timerfd_clock_was_set
timerfd_remove_cancel
timerfd_setup_cancel
SYSCALL_DEFINE2","[""ctx""]",SYSCALL_DEFINE2,418,"[""kfree(ctx);""]",T-12;,SYSCALL_DEFINE2,No,None,1
CVE-2013-3671,7edb984dd051b6919d7d8471c70499273f31b0fa,CWE-189,ffmpeg,P-2;,format_line,"[""type [ 0 ] ，"", ""ptr"", ""avc"", ""parent_log_context_offset""]",format_line,183,"[""if (type) type[0]= get_category(((uint8_t *) ptr) + avc->parent_log_context_offset);""]",T-3;,format_line,No,None,1
CVE-2013-3671,cc0dd86580b3257f22a4981a79eb5fa6804182b6,CWE-189,ffmpeg,P-2;,format_line,"[""type [ 0 ] ，"", ""ptr"", ""avc"", ""parent_log_context_offset""]",format_line,181,"[""if (type) type[0]= get_category(((uint8_t *) ptr) + avc->parent_log_context_offset);""]",T-3;,format_line,No,None,1
CVE-2013-0877,365270aec5c2b9284230abc702b11168818f14cf,CWE-119,ffmpeg,"P-3;
P-5;
P-9;",old_codec37,"[""decoded_size""]",old_codec37,436,"[""bytestream2_get_buffer(& ctx->gb, dst, width);""]",T-1;,old_codec37,No,None,1
CVE-2013-2496,e398990eb87785e20e065cd3f14d1dbb69df4392,CWE-119,ffmpeg,"P-1;
P-2;
P-10;",msrle_decode_8_16_24_32,"[""output_end""]",msrle_decode_8_16_24_32,"[141, 175]","[""output_end= pic->data[0] + avctx->height * pic->linesize[0];"", ""if ((pic->linesize[0] > 0 && output + p2 * (depth >> 3) > output_end) || (pic->linesize[0] < 0 && output + p2 * (depth >> 3) < output_end)) {;""]",T-2;,msrle_decode_8_16_24_32,No,None,1
CVE-2013-3670,c1f2c4c3b49277d65b71ccdd3b6b2878f1b593eb,CWE-119,ffmpeg,"P-1;
P-3;
P-6;
P-10;",rle_unpack,"[""i，l，j，dest_end，pd，ps""]",rle_unpack,"[182, 183]","[""* pd++ = bytestream2_get_byteu(& gb);"", ""* pd++ = bytestream2_get_byteu(& gb);""]",T-1;,rle_unpack,No,None,1
CVE-2013-4263,e43a0a232dbf6d3c161823c2e07c52e76227a1bc,CWE-119,ffmpeg,P-10;,filter_frame,"[""plane""]",filter_frame,"[317, 323]","[""hblur(out->data[plane], out->linesize[plane], in->data[plane], in->linesize[plane], w[plane], h[plane], s->radius[plane], s->power[plane], s->temp);"", ""vblur(out->data[plane], out->linesize[plane], out->data[plane], out->linesize[plane], w[plane], h[plane], s->radius[plane], s->power[plane], s->temp);""]",T-2;,filter_frame,No,None,1
CVE-2013-4264,2960576378d17d71cc8dccc926352ce568b5eec1,CWE-119,ffmpeg,"P-9;
P-10;
P-11;",kempf_decode_tile,"[""src_end"", ""src""]",jpg_decode_data,245,"[""tmp= av_realloc(c->buf, src_size + FF_INPUT_BUFFER_PADDING_SIZE);""]",T-1;,"kempf_decode_tile
jpg_decode_data",Yes,caller type,2
CVE-2013-7009,3819db745da2ac7fb3faacb116788c32f4753f34,CWE-119,ffmpeg,"P-2;
P-4;",rpza_decode_stream,"[""pixel_ptr""]",rpza_decode_stream,147,"[""pixels[block_ptr]= colorA;""]",T-2;,rpza_decode_stream,No,None,1
CVE-2013-7024,fe448cd28d674c3eff3072552eae366d0b659ce9,CWE-119,ffmpeg,P-2;,jpeg2000_decode_tile,"[""line，dst，linel，dst""]",jpeg2000_decode_tile,"[1293, ""1302\n---- \n1339"", 1349]","[""* dst= val << (8 - cbps);"", ""* dst= val << (8 - cbps);"", ""* dst= val << (16 - cbps);"", ""* dst= val << (16 - cbps);""]",T-3;,jpeg2000_decode_tile,No,None,1
CVE-2016-2180,0ed26acce328ec16a3aa635f1ca37365e8c7403a,CWE-125,openssl,"P-1;
P-4;",TS_OBJ_print_bio,"[""len""]",BIO_write,246,"[""i= b->method->bwrite(b, in, inl);""]",T-1;,"TS_OBJ_print_bio
BIO_write",Yes,caller type,2
CVE-2016-5093,97eff7eb57fc2320c267a949cffd622c38712484,CWE-125,PHP,P-1;,get_icu_value_internal,"[""tag_value""]",get_icu_value_internal,307,"[""tag_value= erealloc(tag_value, buflen);""]",T-1;,get_icu_value_internal,No,None,1
CVE-2016-5352,b6d838eebf4456192360654092e5587c5207f185,CWE-125,Wireshark,P-10;,AirPDcapDecryptWPABroadcastKey,"[""eapol_len""]",AirPDcapDecryptWPABroadcastKey,360,"[""szEncryptedKey= (guint8 *) g_memdup(key_data, key_bytes_len);""]",T-1;,AirPDcapDecryptWPABroadcastKey,No,None,1
CVE-2013-4533,caa881abe0e01f9931125a0977ec33c5343e4aa7,CWE-119,qemu,"P-2;
P-6;","pxa2xx_ssp_save
pxa2xx_ssp_load","[""s"", ""rx_level""]",pxa2xx_ssp_load,752,"[""s->rx_fifo[i]= qemu_get_byte(f);""]",T-2;,"pxa2xx_ssp_init
pxa2xx_ssp_save
pxa2xx_ssp_load",Yes,callee type,3
CVE-2014-0145,c05e4667be91b46ab42b5a11babf8e84d476cc6b,CWE-119,qemu,P-2;,qcow2_snapshot_load_tmp,"[""new_l1_bytes""]",qcow2_snapshot_load_tmp,684,"[""new_l1_table= g_malloc0(align_offset(new_l1_bytes, 512));""]",T-1;,qcow2_snapshot_load_tmp,No,None,1
CVE-2014-8106,d3532a0db02296e687711b8cdc7791924efccea0 ,CWE-119,qemu,"P-10;
P-11;","blit_region_is_unsafe
blit_is_unsafe
cirrus_bitblt_common_patterncopy
cirrus_bitblt_solidfill
cirrus_do_copy","[""s""]",cirrus_bitblt_videotovideo_copy,739,"[""qemu_console_copy(s->vga.con, sx, sy, dx, dy, s->cirrus_blt_width / depth, s->cirrus_blt_height);""]",T-1;,"cirrus_do_copy
cirrus_bitblt_start
cirrus_bitblt_solidfill
cirrus_bitblt_videotovideo_copy",Yes,callee type,4
CVE-2014-8106,bf25983345ca44aec3dd92c57142be45452bd38a,CWE-119,qemu,P-9;,blit_is_unsafe,"[""s"", ""cirrus_blt_width""]",cirrus_invalidate_region,653,"[""memory_region_set_dirty(& s->vga.vram, off_cur, off_cur_end - off_cur);""]",T-1;,"cirrus_bitblt_common_patterncopy
blit_is_unsafe
cirrus_invalidate_region",Yes,callee type,3
CVE-2016-9298,3cbfb163cff9e5b8cdeace8312e9bfee810ed02b,CWE-119,ImageMagick,P-2;,WaveletDenoiseImage,"[""kernel""]",AcquireMagickMemory,460,"[""memory= memory_methods.acquire_memory_handler(size= == 0 ? 1UL : size);""]",T-1;,"WaveletDenoiseImage
AcquireQuantumMemory
AcquireMagickMemory",Yes,caller type,3
CVE-2019-10131,cb1214c124e1bd61f7dd551b94a794864861592e,CWE-119,ImageMagick,P-2;,format8BIM,"[""str""]",format8BIM,2222,"[""str[i]= (unsigned char) c;""]",T-2;,format8BIM,No,None,1
CVE-2018-16644,16916c8979c32765c542e216b31cee2671b7afe7,CWE-119,ImageMagick,P-9;,ReadDCMImage,"[""length""]",ReadDCMImage,3944,"[""(void) memset(info.scale, 0, MagickMax(length, 256) * sizeof (* info.scale));""]",T-1;,ReadDCMImage,No,None,1
CVE-2017-16546,2130bf6f89ded32ef0c88a11694f107c52566c53,CWE-119,ImageMagick,"P-3;
P-9;
P-11;",ReadWPGImage,"[""WPG_Palette"", ""StartIndex"", ""NumOfEntries""]",ReadWPGImage,1061,"[""image->colormap[i].red= ScaleCharToQuantum((unsigned char) ReadBlobByte(image));""]",T-2;,ReadWPGImage,No,None,1
CVE-2015-8957,bd96074b254c6607a0f7731e59f923ad19d5a46d,CWE-119,ImageMagick,"P-1;
P-4;
P-10;
P-11;",ReadSUNImage,"[""image""]",ReadSUNImage,"[369, 574]","[""image->colormap[i].red= (MagickRealType) ScaleCharToQuantum(;"", ""SetPixelRed(image, ClampToQuantum(image->colormap[(ssize_t);""]",T-2;,ReadSUNImage,No,None,1
CVE-2018-5333,7d11f77f84b27cef452cee332f4e469503084737,CWE-476,linux,P-1;,rds_cmsg_atomic,"[""rm"", ""atomic"", ""op_active""]",set_page_dirty,83,"[""return folio_mark_dirty(page_folio(page));""]",T-15;,"
rds_cmsg_atomic
rds_atomic_free_op
set_page_dirty",Yes,caller type,3
CVE-2018-7191,5c25f65fd1e42685f7ccd80e0621829c105785d9,CWE-476,linux,"P-1;
P-9;",tun_set_iff,"[""err""]",tun_set_iff,2078,"[""err= register_netdevice(tun->dev);""]",T-15;,tun_set_iff,No,None,1
CVE-2018-7566,d15d662e89fc667b90cd294b0eb45694e33144da,CWE-119,linux,"P-1;
P-2;
P-3;",snd_seq_write,"[""cellptr（seq_memory文件）""]",snd_seq_pool_init,402,"[""cellptr= pool->ptr + cell;""]",T-3;,"snd_seq_write
snd_seq_pool_init",Yes,caller type,2
CVE-2017-16525,bd998c2e0df0469707503023d50d46cf0b10c787,CWE-416,linux,P-10;,usb_serial_console_disconnect,"[""serial"", ""port""]",usb_serial_console_disconnect,268,"[""if (serial->port[0]= == usbcons_info.port) {;""]",T-13;,usb_serial_console_disconnect,No,None,1
CVE-2017-14497,edbd58be15a957f6a760c4a514cd475217eb97fd,CWE-119,linux,"P-1;
P-5;
P-10;",tpacket_rcv,"[""snaplen""]",tpacket_rcv,2310,"[""skb_copy_bits(skb, 0, h.raw + macoff, snaplen);""]",T-1;,tpacket_rcv,No,None,1
CVE-2017-15128,1e3921471354244f70fe268586ff94a97a6dd4df,CWE-119,linux,"P-1;
P-2;
P-5;
P-9;",hugetlb_mcopy_atomic_pte,"[""idx""]",__radix_tree_create,852,"[""slot= & node->slots[offset];""]",T-2;,"hugetlb_mcopy_atomic_pte
huge_add_to_page_cache
add_to_page_cache
add_to_page_cache_locked
__add_to_page_cache_locked
page_cache_tree_insert
__radix_tree_create",Yes,caller type,7
CVE-2016-8646,4afa5f9617927453ac04b24b584f6c718dfb4f45,CWE-476,linux,"P-1;
P-2;
P-3;
P-5;
P-9;",hash_accept,"[""req""]",crypto_ahash_reqtfm,375,"[""return __crypto_ahash_cast(req->base.tfm);""]",T-14;,"hash_accept
crypto_ahash_export
crypto_ahash_reqtfm",Yes,caller type,3
CVE-2018-6392,c6939f65a116b1ffed345d29d8621ee4ffb32235,CWE-125,ffmpeg,"P-1;
P-3;
P-5;
P-10;","config_props_output
filter_slice","[""out"", ""data"", ""s"", ""pixsteps""]",filter_slice,278,"[""int pixstep= s->pixsteps[plane];""]",T-2;,filter_slice,No,None,1
CVE-2012-6607,163877441402e464266b45ee98e24bb652971def,CWE-22,Augeas,"P-4;
P-5;","xfread_file
xread_file","[""augnew"", ""path""]",xread_file,"[1031, 129]","[""fp= fopen(augnew, \""w\"");"", ""FILE * fp= fopen(path, \""r\"");""]",T-6;,xread_file,No,None,1
CVE-2013-7448,5e5c796617e1712905dc5462b94bd5e6c08d15ea,CWE-22,didiwiki,"P-4;
P-7;
P-9;
P-10;
P-11;","page_name_is_good
wiki_handle_rest_call
wiki_handle_http_request","[""page""]",wiki_handle_rest_call,870,"[""http_response_printf(res, \"" % s\"", file_read(page));""]",T-6;,wiki_handle_rest_call,No,None,1
CVE-2018-10938,40413955ee265a5e42f710940ec78f5450d49149,CWE-835,Linux,"P-2;
P-5;
P-9;
P-10;",cipso_v4_optptr,"[""optlen""]",cipso_v4_optptr,1525,"[""for (optlen= iph->ihl * 4 - sizeof (struct iphdr);"", ""optlen > 0;"", "");""]",T-7;,cipso_v4_optptr,No,None,1
CVE-2018-20784,c40f7d74c741a907cfaeb73a7697081881c497d0,CWE-835,Linux,"P-7;
P-8;
P-9;
P-10;","list_del_leaf_cfs_rq
cfs_rq_is_decayed
update_blocked_averages
print_cfs_stats","[""cfs_rq""]",update_blocked_averages,7682,"[""for_each_leaf_cfs_rq_safe(rq, cfs_rq, pos) {;""]",T-7;,update_blocked_averages,No,None,1
CVE-2018-6621,118e1b0b3370dd1c0da442901b486689efd1654b,CWE-125,ffmpeg,P-10;,decode_frame,"[""gb"", ""slice_end""]",decode_frame,679,"[""bytestream2_get_bytes_left(& gb) < slice_end;""]",T-1;,decode_frame,No,None,1
CVE-2018-6912,76cc0f0f673353cd4746cd3b83838ae335e5d9ed,CWE-125,ffmpeg,"P-2;
P-9;
P-11;","decode_plane
decode_frame","[""cbit"", ""pbit"", ""left""]",decode_plane,"[272, 282, 642, 655]","[""int bits= get_bits_le(& cbit, 3);"", ""p[k]= get_bits_le(& pbit, bits + 1);"", ""left-= c->packed_stream_size[i][j];""]",T-1;,decode_plane,No,None,1
CVE-2015-8956,951b6a0717db97ce420547222647bcc40bf1eacd,CWE-476,linux,"P-1;
P-2;
P-3;
P-4;
P-10;",rfcomm_sock_bind,"[""sa""]",rfcomm_sock_bind,339,"[""int chan= sa->rc_channel;""]",T-14;,rfcomm_sock_bind,No,None,1
CVE-2016-6327,51093254bf879bc9ce96590400a87897c7498463,CWE-476,linux,"P-1;
P-3;
P-4;
P-7;
P-9;","srpt_rx_mgmt_fn_tag
srpt_handle_tsk_mgmt","[""tcm_tmr"", ""tag""]",srpt_handle_tsk_mgmt,1765,"[""send_ioctx->cmd.se_tmr_req->response=;""]",T-15;,srpt_handle_tsk_mgmt,No,None,1
CVE-2017-16995,95a762e2c8c942780948091f8f2a4f32fce1ac6f,CWE-119,linux,"P-4;
P-9;",check_alu_op,"[""insn"", ""imm""]",__mark_reg_known,437,"[""reg->var_off= tnum_const(imm);""]",T-3;,"check_alu_op
__mark_reg_known",Yes,caller type,2
CVE-2017-16996,0c17d1d2c61936401f4702e1846e2c19b200f958,CWE-119,linux,"P-1;
P-4;
P-7;","coerce_reg_to_size
check_mem_access
coerce_reg_to_32
adjust_scalar_min_max_vals
check_alu_op","[""dst_reg"", ""src_reg""]",adjust_scalar_min_max_vals,2089,"[""dst_reg->umin_value*= umin_val;""]",T-4;,adjust_scalar_min_max_vals,No,None,1
CVE-2018-10876,8844618d8aa7a9973e7b527d038a2a589665002c,CWE-416,linux,"P-3;
P-9;
P-10;",ext4_read_block_bitmap_nowait,"[""sb""]",ext4_init_block_bitmap,138,"[""memset(bh->b_data, 0, sb->s_blocksize);""]",T-14;,"ext4_read_block_bitmap_nowait
ext4_init_block_bitmap",Yes,caller type,2
CVE-2018-10879,5369a762c882c0b6e9599e4ebbb3a9ba9eee7e2d,CWE-416,linux,"P-3;
P-5;
P-9;
P-10;",ext4_xattr_set_entry,"[""last""]",ext4_xattr_set_entry,1599,"[""if (!last->e_value_inum && last->e_value_size) {;""]",T-14;,ext4_xattr_set_entry,No,None,1
CVE-2018-13785,8a05766cb74af05c04c53e6c9d60c13fc4d59bf2,CWE-369,libpng,P-11;,png_check_chunk_length,"[""row_factor""]",png_check_chunk_length,3175,"[""if (png_ptr->height > PNG_UINT_32_MAX / row_factor);""]",T-17;,png_check_chunk_length,No,None,1
CVE-2020-24370,a585eae6e7ada1ca9271607a4f48dfb17868ab7b,CWE-191,lua,P-10;,"upvalname
luaG_findlocal","[""n""]",upvalname,192,"[""* pos= ci->func - nextra - (n + 1);""]",T-3;,upvalname,No,None,1
CVE-2020-24369,ae5b5ba529753c7a653901ffc29b5ea24c3fdf3a,CWE-476,lua,"P-9;
P-10;",luaG_runerror,"[""p"", ""lineinfo""]",luaG_runerror,787,"[""if (p->lineinfo[oldpc] != 0);""]",T-14;,luaG_runerror,No,None,1
CVE-2016-10270,9a72a69e035ee70ff5c41541c8c61cd97990d018,CWE-125,libtiff,"P-2;
P-10;",ChopUpSingleUncompressedStrip,"[""nstrips32"", ""nstrips64""]",ChopUpSingleUncompressedStrip,"5546
5547","[""newcounts= (uint64 *) _TIFFCheckMalloc(tif, nstrips32, sizeof (uint64),;""]",T-1;,ChopUpSingleUncompressedStrip,No,None,1
CVE-2015-8784,b18012dae552f85dcc5c57d3bf4e997a15b1cc1c,CWE-787,libtiff,"P-1;
P-9;
P-10;",NeXTDecode,"[""op_offset""]",NeXTDecode,126,"[""SETPIXEL(op, grey);""]",T-3;,NeXTDecode,No,None,1
CVE-2019-7663,802d3cbf3043be5dce5317e140ccb1c17a6a2d39,CWE-119,libtiff,P-10;,TIFFWriteDirectoryTagTransferfunction,"[""tif"", ""tif_dir"", ""td_transferfunction""]",TIFFWriteDirectoryTagTransferfunction,1912,"[""if (!_TIFFmemcmp(tif->tif_dir.td_transferfunction[0], tif->tif_dir.td_transferfunction[2], m * sizeof (uint16))) if (tif->tif_dir.td_transferfunction[1]= == NULL || !_TIFFmemcmp(tif->tif_dir.td_transferfunction[0], tif->tif_dir.td_transferfunction[1], m * sizeof (uint16)));""]",T-1;,TIFFWriteDirectoryTagTransferfunction,No,None,1
CVE-2018-8905,58a898cb4459055bb488ca815c23b880c242a27d,CWE-787,libtiff,"P-2;
P-10;",LZWDecodeCompat,"[""codep"", ""occ""]",LZWDecodeCompat,761,"[""* --tp= codep->value;""]",T-3;,LZWDecodeCompat,No,None,1
CVE-2018-7456,be4c85b16e8801a16eec25e80eb9f3dd6a96731b,CWE-476,libtiff,P-10;,TIFFPrintDirectory,"[""td"", ""td_extrasamples""]",TIFFPrintDirectory,548,"[""fprintf(fd, \"" % 5u\"", td->td_transferfunction[i][l]);""]",T-14;,TIFFPrintDirectory,No,None,1
CVE-2018-18557,681748ec2f5ce88da5f9fa6831e1653e46af8a66	,CWE-787,libtiff,P-2;,JBIGDecode,"[""decoder""]",JBIGDecode,100,"[""_TIFFmemcpy(buffer, pImage, jbg_dec_getsize(& decoder));""]",T-1;,JBIGDecode,No,None,1
CVE-2016-6309,0d698f6696e114a6e47f8b75ff88ec81f9e30175,CWE-416,openssl,"P-4;
P-7;","read_state_machine
grow_init_buf","[""s"", ""init_buf"", ""s3"", ""tmp"", ""message_size""]",read_state_machine,"561
562
563
564","[""if (!SSL_IS_DTLS(s) 562 && s->s3->tmp.message_size > 0 563 && !grow_init_buf(s, s->s3->tmp.message_size 564 + SSL3_HM_HEADER_LENGTH)) {;""]",T-13;,read_state_machine,No,None,1
CVE-2016-6304,2c0d295e26306e15a92eb23a84a1802005c1c137,CWE-401,openssl,"P-3;
P-9;",ssl_parse_clienthello_tlsext,"[""s"", ""tlsext_ocsp_ids""]",ssl_parse_clienthello_tlsext,1311,"[""return 0;""]",T-10;,ssl_parse_clienthello_tlsext,No,None,1
CVE-2016-2105,172c6e1e14defe7d49d62f5fc9ea6a79b225424f,CWE-190,openssl,P-10;,EVP_EncodeUpdate,"[""ctx"", ""num"", ""inl""]",EVP_EncodeUpdate,161,"[""memcpy(& (ctx->enc_data[ctx->num]), in, inl);""]",T-1;,EVP_EncodeUpdate,No,None,1
CVE-2016-6303,55d83bf7c10c7b205fffa23fa7c3977491e56c07,CWE-787,openssl,P-10;,MDC2_Update,"[""len"", ""i""]",MDC2_Update,47,"[""memcpy(& (c->data[i]), in, len);""]",T-1;,MDC2_Update,No,None,1
CVE-2017-3730,efbe126e3ebb9123ac9d058aa2bb044261342aaa,CWE-476,openssl,P-9;,"tls_construct_cke_dhe
tls_construct_cke_ecdhe","[""ckey""]",EVP_PKEY_get0_DH,346,"[""if (pkey->type != EVP_PKEY_DH && pkey->type != EVP_PKEY_DHX) {;""]",T-14;,"tls_construct_cke_dhe
EVP_PKEY_get0_DH",Yes,caller type,2
CVE-2017-3735,068b963bb7afc57f5bdd723de0dd15e7795d5822,CWE-119,openssl,,X509v3_addr_get_afi,"[""f"", ""addressFamily""]",X509v3_addr_get_afi,89,"[""((f->addressFamily->data[0] << 8) | (f->addressFamily->data[1]));""]",T-2;,X509v3_addr_get_afi,No,None,1
CVE-2016-0797,c175308407858afff3fc8c2e5e085d94d12edc7d,CWE-189,openssl,"P-9;
P-10;","BN_hex2bn
BN_dec2bn","[""i""]",BN_hex2bn,208,"[""if (bn_expand(ret, i * 4)= == NULL);""]",T-4;,BN_hex2bn,No,None,1
CVE-2015-1790,59302b600e8d5b77ef144e447bb046fd7ab72686,CWE-476,openssl,"P-9;
P-10;",PKCS7_dataDecode,"[""p7"", ""in_bio""]",PKCS7_dataDecode,596,"[""if (PKCS7_is_detached(p7) || (in_bio != NULL)) {;""]",T-15;,PKCS7_dataDecode,No,None,1
CVE-2015-0288,28a00bcd8e318da18031b2ac8778c64147cd54f9,CWE-476,openssl,P-9;,X509_to_X509_REQ,"[""pktmp""]",X509_PUBKEY_set,99,"[""if (pkey->ameth) {;""]",T-14;,"X509_to_X509_REQ
X509_REQ_set_pubkey
X509_PUBKEY_set",Yes,caller type,3
CVE-2015-0289,c0334c2c92dd1bc3ad8138ba6e74006c3631b0f9,CWE-476,openssl,P-9;,PKCS7_dataFinal,"[""p7"", ""btmp""]",PKCS7_dataFinal,447,"[""if (PKCS7_type_is_signed(p7)) {;""]",T-15;,PKCS7_dataFinal,No,None,1
CVE-2016-7052,6e629b5be45face20b4ca71c4fcbfed78b864a2e,CWE-476,openssl,P-10;,get_crl_sk,"[""crl_score"", ""best_crl""]",get_crl_sk,1132,"[""if (ASN1_TIME_diff(& day, & sec, X509_CRL_get_lastUpdate(best_crl),;""]",T-15;,get_crl_sk,No,None,1
CVE-2018-14567,2240fbf5912054af025fb6e01e26375100275e74,CWE-835,libxml2,P-9;,xz_decomp,"[""state"", ""how""]",xz_decomp,599,"[""} while (strm->avail_out && ret != LZMA_STREAM_END);""]",T-7;,xz_decomp,No,None,1
CVE-2017-5130,897dffbae322b46b83f99a607d527058a72c51ed,CWE-787,libxml2,P-9;,"xmlMallocLoc
xmlReallocLoc
xmlMemStrdupLoc","[""size""]",xmlMallocLoc,"[182, 190, 191, 192, 193, 194]","[""p= (MEMHDR *) malloc(RESERVE_SIZE + size);"", ""p->mh_tag= MEMTAG;"", ""p->mh_size= size;"", ""p->mh_type= MALLOC_TYPE;"", ""p->mh_file= file;"", ""p->mh_line= line;""]",T-3;,xmlMallocLoc,No,None,1
CVE-2017-8872,123234f2cfcd9e9b9f83047eee1dc17b4c3f4407,CWE-125,libxml2,"P-1;
P-9;",xmlHaltParser,"[""ctxt"", ""input"", ""buf""]",htmlParseTryOrFinish,5425,"[""avail= xmlBufUse(in->buf->buffer) - (in->cur - in->base);""]",T-3;,"xmlHaltParser
htmlParseTryOrFinish",Yes,callee type,2
CVE-2015-8317,9aa37588ee78a06ca1379a9d9356eab16686099c,CWE-119,libxml2,P-3;,xmlParseEncodingDecl,"[""encoding""]",xmlParseEncodingDecl,10666,"[""SKIP_BLANKS;""]",T-1;,xmlParseEncodingDecl,No,None,1
CVE-2016-1834,8fbbf5513d609c1770b391b99e33314cd0742704,CWE-119,libxml2,"P-9;
P-10;","xmlStrncat
xmlStrncatNew","[""size"", ""len""]",xmlStrncat,467,"[""memcpy(& ret[size], add, len * sizeof (xmlChar));""]",T-1;,xmlStrncat,No,None,1
CVE-2016-1836,45752d2c334b50016666d8f0ec3691e2d680f0a0,CWE-416,libxml2,"P-2;
P-4;",xmlParseNCNameComplex,"[""end""]",xmlParseNCNameComplex,3530,"[""return (xmlDictLookup(ctxt->dict, end - len, len));""]",T-14;,xmlParseNCNameComplex,No,None,1
CVE-2016-1837,11ed4a7a90d5ce156a18980a4ad4e53e77384852,CWE-416,libxml2,"P-2;
P-4;","htmlParseAttValue
htmlParseSystemLiteral","[""q""]",xmlStrndup,50,"[""memcpy(ret, cur, len * sizeof (xmlChar));""]",T-14;,"htmlParseSystemLiteral
xmlStrndup",Yes,caller type,2
CVE-2016-1839,a820dbeac29d330bae4be05d9ecd939ad6b4aa33,CWE-125,libxml2,P-10;,pushParseTest,"[""cur""]",xmlParseChunk,285,"[""memcpy(pool->free, name, namelen);""]",T-1;,"pushParseTest
xmlParseChunk",Yes,caller type,2
CVE-2016-1840,cbb271655cadeb8dbb258a64701d9a3a0c4835b4,CWE-119,libxml2,P-4;,xmlFAParseCharRange,"[""len""]",xmlFAParseCharRange,5086,"[""} while ((CUR != '] ') && (CUR != ' ^ ') && (CUR != ' - ') &&;""]",T-3;,xmlFAParseCharRange,No,None,1
CVE-2016-1762,a7a94612aa3b16779e2c74e1fa353b5d9786c602,CWE-119,libxml2,P-9;,xmlParseInternalSubset,"[""无""]",xmlNextChar,535,"[""if (* ctxt->input->cur= == 0);""]",T-3;,"xmlParseInternalSubset
xmlNextChar",Yes,callee type,2
CVE-2019-14494,b224e2f5739fe61de9fa69955d016725b2a4b78d,CWE-369,poppler,P-9;,SplashOutputDev::tilingPatternFill,"[""surface_width"", ""surface_height""]",SplashOutputDev::tilingPatternFill,"4588
4589","[""repeatX= result_width / surface_width;"", ""repeatY= result_height / surface_height;""]",T-17;,SplashOutputDev::tilingPatternFill,No,None,1
CVE-2019-9959,68ef84e5968a4249c2162b839ca6d7975048a557,CWE-190,poppler,P-10;,JPXStream::init,"[""oLen""]",JPXStream::init,235,"[""priv->init2(OPJ_CODEC_JP2, buf, length, indexed);""]",T-4;,JPXStream::init,No,None,1
CVE-2019-10873,8dbe2e6c480405dab9347075cf4be626f90f1d05,CWE-476,poppler,P-9;,SplashXPathScanner::clipAALine,"[""line""]",SplashXPathScanner::clipAALine,455,"[""const auto & line= allIntersections[splashAASize * y + yy - yMin];""]",T-2;,SplashXPathScanner::clipAALine,No,None,1
CVE-2019-12293,89a5367d49b2556a2635dbb6d48d6a6b182a2c6c,CWE-125,poppler,"P-1;
P-9;",JPXStream::init,"[""componentPixels""]",JPXStream::init,265,"[""int r= priv->image->comps[component].data[i];""]",T-2;,JPXStream::init,No,None,1
CVE-2019-10872,6a1580e84f492b5671d23be98192267bb73de250,CWE-125,poppler,"P-9;
P-10;",Splash::blitTransparent,"[""width"", ""height""]",Splash::blitTransparent,5872,"[""if (* sp & srcMask) {;""]",T-3;,Splash::blitTransparent,No,None,1
CVE-2019-9200,f4136a6353162db249f63ddb0f20611622ab61b4,CWE-787,poppler,P-9;,ImageStream::getLine,"[""readChars""]",ImageStream::getLine,499,"[""for (;"", ""readChars < inputLineSize;"", ""readChars++) inputLine[readChars]= EOF;""]",T-2;,ImageStream::getLine,No,None,1
CVE-2014-9496,6abec1b1c152bb3702c7251b5f0ec2b1f3207742,CWE-119,libsndfile,P-10;,uint2tenbytefloat,"[""count""]",uint2tenbytefloat,1626,"[""bytes[1]= 29 - count;""]",T-2;,uint2tenbytefloat,No,None,1
CVE-2014-9756,725c7dbb95bfaf8b4bb7b04820e3a00cceea9ce6,CWE-369,libsndfile,P-2;,psf_fwrite,"[""bytes"", ""items""]",psf_fwrite,365,"[""return psf->vio.write(ptr, bytes * items, psf->vio_user_data) / bytes;""]",T-17;,psf_fwrite,No,None,1
CVE-2017-6892,f833c53cb596e9e1792949f762e0b33661822748,CWE-119,libsndfile,P-2;,aiff_read_chanmap,"[""chanmap_size""]",aiff_read_chanmap,1769,"[""memcpy(psf->channel_map, map_info->channel_map, chanmap_size);""]",T-1;,aiff_read_chanmap,No,None,1
CVE-2017-8361,fd0484aba8e51d16af1e3a880f9b8b857b385eb3,CWE-119,libsndfile,P-9;,sf_flac_meta_callback,"[""psf"", ""sf"", ""channels""]",sf_flac_meta_callback,437,"[""psf->sf.channels= metadata->data.stream_info.channels;""]",T-3;,sf_flac_meta_callback,No,None,1
CVE-2017-8363,fd0484aba8e51d16af1e3a880f9b8b857b385eb3,CWE-125,libsndfile,P-9;,sf_flac_meta_callback,"[""psf"", ""sf"", ""channels""]",sf_flac_meta_callback,437,"[""psf->sf.channels= metadata->data.stream_info.channels;""]",T-3;,sf_flac_meta_callback,No,None,1
CVE-2017-14246,8ddc442d539ca775d80cdbc7af17a718634a743f,CWE-125,libsndfile,P-10;,"i2ulaw_array
d2ulaw_array","[""ptr""]",i2ulaw_array,831,"[""buffer[count]= ulaw_encode[ptr[count] >> (16 + 2)];""]",T-2;,i2ulaw_array,No,None,1
CVE-2017-8363,5206a9b65e61598fde44d276c81b0585bc428562,CWE-125,libsndfile,P-9;,sf_flac_meta_callback,"[""psf"", ""sf"", ""channels""]",sf_flac_meta_callback,437,"[""psf->sf.channels= metadata->data.stream_info.channels;""]",T-3;,sf_flac_meta_callback,No,None,1
CVE-2018-10768,942adfc25e7a00ac3cf032ced2d8949e99099f70,CWE-476,poppler,P-10;,AnnotInk::draw,"[""path""]",AnnotInk::draw,6154,"[""if (path->getCoordsLength() != 0) {;""]",T-14;,AnnotInk::draw,No,None,1
CVE-2017-18267,60b4fe65bc9dc9b82bbadf0be2e3781be796a13d,CWE-835,poppler,P-10;,FoFiType1C::cvtGlyph,"[""ok""]",FoFiType1C::cvtGlyph,1366,"[""cvtGlyph(val.pos, val.len, charBuf, subrIdx, pDict, false, offsetBeingParsed);""]",T-9;,FoFiType1C::cvtGlyph,No,None,1
CVE-2019-19923,396afe6f6aa90a31303c183e11b2b2d4b7956b35,CWE-476,sqlite3,P-10;,flattenSubquery,"[""p"", ""selFlags""]",flattenSubquery,3862,"[""SELECTTRACE(0x4, pParse, p, (\""flatten % u.% p from term % d\\n\"", pSub->selId, pSub, iFrom));""]",T-13;,flattenSubquery,No,None,1
CVE-2018-8740,1e9c47be1e81e94a67f788c98fd70e8bf70e3746,CWE-476,sqlite3,P-10;,corruptSchema,"[""zExtra""]",corruptSchema,41,"[""if (zExtra && zExtra[0]) z= sqlite3MPrintf(db, \"" % z - % s\"", z, zExtra);""]",T-14;,corruptSchema,No,None,1
CVE-2019-19646,ebd70eedd5d6e6a890a670b5ee874a5eae86b4dd,CWE-476,sqlite3,P-9;,sqlite3Pragma,"[""v""]",sqlite3Pragma,1600,"[""sqlite3VdbeChangeP5(v, OPFLAG_TYPEOFARG);"", ""if (p->nOp > 0) p->aOp[p->nOp - 1].p5= p5;"", ""}（src\\vdbeaux.c，1048）;""]",T-13;,sqlite3Pragma,No,None,1
CVE-2019-19317,522ebfa7cee96fb325a22ea3a2464a63485886a8,CWE-189,sqlite3,P-9;,lookupName,"[""pExpr"", ""y"", ""pTab""]",lookupName,579,"[""pMatch->colUsed|= ((Bitmask) 1) << n;""]",T-13;,lookupName,No,None,1
CVE-2019-19880,75e95e1fcd52d3ec8282edb75ac8cd0814095d54,CWE-476,sqlite3,P-9;,exprListAppendList,"[""pDup""]",exprListAppendList,899,"[""if (bIntToNull && pDup && pDup->op= == TK_INTEGER) {;""]",T-15;,exprListAppendList,No,None,1
CVE-2018-21009,0868c499a9f5f37f8df5c9fef03c37496b40fc8a,CWE-190,poppler,P-9;,Parser::makeStream,"[""pos""]",Parser::makeStream,241,"[""lexer->setPos(pos + length);""]",T-4;,Parser::makeStream,No,None,1
CVE-2018-20650,de0c0b8324e776f0b851485e0fc9622fc35695b7,CWE-617,poppler,P-10;,FileSpec::FileSpec,"[""obj1""]",FileSpec::FileSpec,137,"[""obj1= fileSpec.dictLookup(\""Desc\"");""]",T-5;,FileSpec::FileSpec,No,None,1
CVE-2018-19058,6912e06d9ab19ba28991b5cab3319d61d856bd6d,CWE-119,poppler,P-9;,EmbFile::save2,"[""m_objStr""]",EmbFile::save2,111,"[""while ((c= m_objStr.streamGetChar()) != EOF) {;""]",T-3;,EmbFile::save2,No,None,1
CVE-2019-9021,9d388b95c54ea053ce6f194defe1ff6673195747,CWE-125,php,P-2;,phar_detect_phar_fname_ext,"[""pos""]",phar_detect_phar_fname_ext,2029,"[""pos= memchr(pos + 1, '.', filename_len - (pos - filename) + 1);""]",T-1;,phar_detect_phar_fname_ext,No,None,1
CVE-2019-11041,f22101c8308669bb63c03a73a2cac2408d844f38,CWE-125,php,P-10;,exif_scan_thumbnail,"[""ImageInfo"", ""Thumbnail"", ""size""]",exif_scan_thumbnail,3915,"[""while ((c= data[pos++])= == 0xFF && n--) {;""]",T-2;,exif_scan_thumbnail,No,None,1
CVE-2019-11034,f3aefc6d071b807ddacae0a0bc49f09c38e18490,CWE-125,php,P-9;,exif_process_IFD_in_MAKERNOTE,"[""dir_start"", ""value_ptr""]",exif_process_IFD_in_MAKERNOTE,2807,"[""if (!exif_process_IFD_TAG(ImageInfo, dir_start + 2 + 12 * de, offset_base, data_len, displacement, section_index, 0, maker_note->tag_table));""]",T-3;,exif_process_IFD_in_MAKERNOTE,No,None,1
CVE-2019-11039,7cf7148a8f8f4f55fb04de2a517d740bb6253eac,CWE-125,php,P-9;,_php_iconv_mime_decode,"[""str_left""]",_php_iconv_mime_decode,1651,"[""--str_left;""]",T-3;,_php_iconv_mime_decode,No,None,1
CVE-2019-11040,b7dc3d9039335b2bfaa1f4ade5d38aec89f25922,CWE-125,php,P-9;,exif_scan_thumbnail,"[""pos""]",php_jpg_get16,1437,"[""return (((uchar *) value)[0] << 8) | ((uchar *) value)[1];""]",T-3;,"exif_scan_thumbnail
php_jpg_get16",Yes,caller type,2
CVE-2018-20783,54212674b924aab506471060ff64986cda375f71,CWE-125,php,"P-4;
P-10;",phar_parse_pharfile,"[""manifest_len"", ""buffer""]",phar_parse_pharfile,973,"[""PHAR_GET_32(buffer, manifest_len);""]",T-3;,phar_parse_pharfile,No,None,1
CVE-2019-9022,8d3dfabef459fe7815e8ea2fd68753fd17859d7b,CWE-125,php,P-9;,php_parserr,"[""dlen""]",php_parserr,469,"[""CHECKCP(dlen);""]",T-15;,php_parserr,No,None,1
CVE-2019-9640,30d2b94a2e88021b77b07149e1f4438662ca8e5e,CWE-125,php,"P-9;
P-10;","exif_scan_thumbnail
PHP_FUNCTION","[""pos"", ""ImageInfo""]",exif_scan_thumbnail,3912,"[""exif_process_SOFn(data + pos, marker, & sof_info);""]",T-3;,exif_scan_thumbnail,No,None,1
CVE-2018-14883,1baeae42703f9b2ec21fff787146eeca08d45535,CWE-125,php,P-10;,exif_thumbnail_extract,"[""ImageInfo""]",exif_thumbnail_extract,2552,"[""ImageInfo->Thumbnail.data= estrndup(offset + ImageInfo->Thumbnail.offset, ImageInfo->Thumbnail.size);""]",T-3;,exif_thumbnail_extract,No,None,1
CVE-2018-7584,523f230c831d7b33353203fa34aee4e92ac12bba,CWE-119,php,P-10;,php_stream_url_wrap_http_ex,"[""tmp_line""]",php_stream_url_wrap_http_ex,"740
742","[""if (tmp_line[tmp_line_len - 1]= == '\\n') { if (tmp_line[tmp_line_len - 1]= == '\\r') {;""]",T-3;,php_stream_url_wrap_http_ex,No,None,1
CVE-2016-10159,ca46d0acbce55019b970fcd4c1e8a10edfdded93,CWE-190,php,P-10;,phar_parse_pharfile,"[""buffer"", ""entry"", ""filename_len""]",phar_parse_pharfile,"1062
1076","[""PHAR_GET_32(buffer, entry.filename_len);"", ""if ((manifest_ver & PHAR_API_VER_MASK) >= PHAR_API_MIN_DIR && buffer[entry.filename_len - 1]= == ' / ') {;""]",T-2;,phar_parse_pharfile,No,None,1
CVE-2016-7414,0bfb970f43acd1e81d11be1154805f86655f15d5,CWE-119,php,P-9;,phar_verify_signature,"[""sig_len""]",phar_verify_signature,1631,"[""if (memcmp(digest, sig, sizeof (digest))) {;""]",T-1;,phar_verify_signature,No,None,1
CVE-2017-7895,13bf9fbff0e5e099e2b6f003a0ab8ae145436309,CWE-119,linux,"P-9;
P-11;","nfs3svc_decode_writeargs
nfs3svc_decode_symlinkargs","[""p"", ""old""]",nfs3svc_decode_writeargs,"[402, 477]","[""while (len > rqstp->rq_vec[v].iov_len) {;"", ""* new++ = * old++;""]","T-2;
T-3;",nfs3svc_decode_writeargs,No,None,1
CVE-2014-9666,257c270bd25e15890190a28a1456e7623bba4439,CWE-189,freetype2,P-10;,tt_sbit_decoder_init,"[""decoder"", ""strike_index_count""]",tt_sbit_decoder_load_image,"[397, 1089, 1095]","[""if (decoder->strike_index_array > face->sbit_table_size || decoder->strike_index_array + 8 * decoder->strike_index_count > face->sbit_table_size;"", ""start= FT_NEXT_USHORT(p);"", ""p+= 4;"", ""/ * ignore index offset * /;""]","T-3;
T-4;","tt_face_load_sbit_image
tt_sbit_decoder_init
tt_sbit_decoder_load_image",Yes,callee type,3
CVE-2011-1746,b522f02184b413955f3bc952e3776ce41edc6355,CWE-189,linux,"P-1;
P-5;
P-9;
P-10;","agp_create_user_memory
agp_allocate_memory","[""num_agp_pages""]",agp_create_user_memory,"[116, 95, 97, 234]","[""unsigned long alloc_size= num_agp_pages * sizeof (struct page *);"", ""mem->pages= kmalloc(size, GFP_KERNEL | __GFP_NOWARN);"", ""mem->pages= vmalloc(size);"", ""if ((atomic_read(& bridge->current_memory_agp) + page_count) > bridge->max_memory_agp);""]","T-1;
T-4;",agp_create_user_memory,No,None,1
CVE-2011-2496,982134ba62618c2d69fbbbd166d0a11ee3b7e3d8,CWE-189,linux,"P-1;
P-9;
P-10;",vma_to_resize,"[""new_len""]",make_coherent,143,"[""pgoff= vma->vm_pgoff + ((addr - vma->vm_start) >> PAGE_SHIFT);""]","T-3;
T-4;","vma_to_resize
make_coherent",Yes,callee type,2
CVE-2016-6888,47882fa4975bf0b58dd74474329fdd7154e8f04c,CWE-190,qemu,P-2;,net_tx_pkt_init,"[""p"", ""vec""]",net_tx_pkt_init,"[68, 71]","[""p->vec= g_malloc((sizeof * p->vec) * (max_frags + NET_TX_PKT_PL_START_FRAG));"", ""p->raw= g_malloc((sizeof * p->raw) * max_frags);""]","T-1;
T-4;",net_tx_pkt_init,No,None,1
CVE-2016-6823,4cc6ec8a4197d4c008577127736bf7985d632323,CWE-190,ImageMagick,"P-2;
P-9;",WriteBMPImage,"[""image"", ""rows""]",WriteBMPImage,"[1712, 1716]","[""pixel_info= AcquireVirtualMemory((size_t) bmp_info.image_size, sizeof (* pixels));"", ""pixels= (unsigned char *) GetVirtualMemoryBlob(pixel_info);""]","T-1;
T-4;",WriteBMPImage,No,None,1
CVE-2011-4031,c2a2ad133eb9d42361804a568dee336992349a5e,CWE-191,ffmpeg,"P-10;
P-11;",asfrtp_parse_packet,"[""cur_len""]",asfrtp_parse_packet,238,"[""memcpy(asf->buf + prev_len, buf + off, FFMIN(cur_len, len - off));""]","T-1;
T-4;",asfrtp_parse_packet,No,None,1
CVE-2018-14353,65d64a5b60a4a3883f2cd799d92c6091d8854f23,CWE-191,neomutt,,imap_quote_string,"[""dlen""]",imap_quote_string,"[824, 827]","[""dlen-= 2;"", ""* pt++ = '\\\\';""]","T-3;
T-4;",imap_quote_string,No,None,1
CVE-2017-13042,39582c04cc5e34054b2936b423072fb9df2ff6ef,CWE-125,tcpdump,P-9;,dhcpv6_print,"[""i"", ""tlv""]",ns_nprint,322,"[""type= EXTRACT_16BITS(tlv);""]","T-1;
T-3;","dhcpv6_print
ns_nprint",Yes,caller type,2
CVE-2017-13044,c2f6833dddecf2d5fb89c9c898eee9981da342ed,CWE-125,tcpdump,P-9;,dhcpv4_print,"[""i"", ""tlv""]",ipaddr_string,275,"[""optlen= (uint8_t) tlv[1];""]","T-1;
T-2;","dhcpv4_print
ipaddr_string",Yes,caller type,2
CVE-2017-13050,83c64fce3a5226b080e535f5131a8a318f30e79b,CWE-125,tcpdump,"P-2;
P-10;","rpki_rtr_pdu_print
rpki_rtr_print","[""tptr"", ""pdu_len""]",rpki_rtr_print,"[232, 245, 257]","[""ipaddr_string(ndo, pdu->prefix),;"", ""ip6addr_string(ndo, pdu->prefix),;"", ""encapsulated_pdu_length= EXTRACT_32BITS(pdu->encapsulated_pdu_length);""]","T-1;
T-2;","rpki_rtr_pdu_print
rpki_rtr_print",Yes,caller type,2
CVE-2017-13052,5d340a5ca6e420a70297cdbdf777333f18bfdab7,CWE-125,tcpdump,"P-2;
P-9;","cfm_network_addr_print
cfm_print","[""tptr"", ""chassis_id_length""]",ipaddr_string,311,"[""memcpy(& addr, ap, sizeof (addr));""]","T-1;
T-2;","cfm_print
cfm_network_addr_print
ipaddr_string",Yes,caller type,3
CVE-2017-13687,a1eefe986065846b6c69dbc09afd9fa1a02c4a3d,CWE-125,tcpdump,"P-1;
P-3;","chdlc_if_print
 chdlc_print","[""p""]",chdlc_print,"[64, 97]","[""proto= EXTRACT_16BITS(& p[2]);"", ""if (* (p + 1)= == 0x81 || * (p + 1)= == 0x82 || * (p + 1)= == 0x83);""]","T-1;
T-3;","chdlc_if_print
chdlc_print",Yes,caller type,2
CVE-2017-13688,0cb1b8a434b599b8d636db029aadb757c24e39d6,CWE-125,tcpdump,"P-2;
P-4;
P-10;
P-11;",olsr_print,"[""tptr"", ""msg_data""]",olsr_print,"[367, 619]","[""msg_type= msgptr.v6->msg_type;"", ""u_int name_entries= EXTRACT_16BITS(msg_data + 2);""]","T-1;
T-3;",olsr_print,No,None,1
CVE-2016-7912,38740a5b87d53ceb89eb2c970150f6e94e00373a,CWE-416,linux,"P-1;
P-10;",ffs_user_copy_worker,"[""io_data""]",ffs_user_copy_worker,"[666, 670]","[""io_data->kiocb->private= NULL;"", ""kfree(io_data);""]","T-12;
T-13;",ffs_user_copy_worker,No,None,1
CVE-2016-7913,8dfbcc4351a0b6d2f2d77f367552f48ffefafe18,CWE-416,linux,"P-1;
P-11;",xc2028_set_config,"[""priv"", ""ctrl"", ""fname""]",xc2028_set_config,1426,"[""priv->fname= priv->ctrl.fname;""]","T-12;
T-13;",xc2028_set_config,No,None,1
CVE-2015-3885,4606c28f494a750892c5c1ac7903e62dd1c6fdb5,CWE-189,LibRaw,P-6;,ljpeg_start,"[""len""]",ljpeg_start,"[855, 857]","[""len= (data[2] << 8 | data[3]) - 2;"", ""fread(data, 1, len, ifp);""]","T-1;
T-4;",ljpeg_start,No,None,1
CVE-2017-6887,d7c3d2cb460be10a3ea7b32e9443a83c243b2251,CWE-119,LibRaw,"P-9;
P-10;","parse_tiff_ifd
parse_jpeg","[""ifd"", ""len"", ""save"", ""hlen""]",parse_tiff_ifd,13185,"[""if (fread(cbuf, 1, len, ifp) != len);""]","T-1;
T-2;",parse_tiff_ifd,No,None,1
CVE-2008-2826,735ce972fbc8a65fb17788debd7bbe7b4383cc62,CWE-190,linux,P-10;,sctp_getsockopt_local_addrs_old,"[""getaddrs"", ""addr_num""]",sctp_getsockopt_local_addrs_old,4426,"[""addrs= kmalloc(sizeof (union sctp_addr) * getaddrs.addr_num,;""]","T-1;
T-4;",sctp_getsockopt_local_addrs_old,No,None,1
CVE-2011-1593,d8bdc59f215e62098bc5b4256fd9928bf27053a1,CWE-190,linux,"P-9;
P-11;",next_pidmap,"[""last""]",next_pidmap,"[225, 226]","[""offset= (last + 1) & BITS_PER_PAGE_MASK;"", ""map= & pid_ns->pidmap[(last + 1) / BITS_PER_PAGE];""]","T-2;
T-4;",next_pidmap,No,None,1
CVE-2012-0038,093019cf1b18dd31b2c3b77acce4e000e2cbc9ce,CWE-190,linux,P-6;,xfs_acl_from_disk,"[""count,"", ""i""]",xfs_acl_from_disk,"[40, 48]","[""const size_t size= sizeof (struct posix_acl) + count * sizeof (struct posix_acl_entry);"", ""acl= posix_acl_alloc(count, GFP_KERNEL);""]","T-1;
T-4;",xfs_acl_from_disk,No,None,1
CVE-2012-0038,fa8b18edd752a8b4e9d1ee2cd615b82c93cf8bba,CWE-190,linux,P-9;,xfs_acl_from_disk,"[""count""]",xfs_acl_from_disk,46,"[""acl= posix_acl_alloc(count, GFP_KERNEL);""]","T-1;
T-4;",xfs_acl_from_disk,No,None,1
CVE-2012-0044,a5cd335165e31db9dbab636fd29895d41da55dd2,CWE-190,linux,P-9;,drm_mode_dirtyfb_ioctl,"[""num_clips""]",drm_mode_dirtyfb_ioctl,1876,"[""clips= kzalloc(num_clips * sizeof (* clips), GFP_KERNEL);""]","T-1;
T-4;",drm_mode_dirtyfb_ioctl,No,None,1
CVE-2010-2478,db048b69037e7fa6a7d9e95a1271a50dc08ae233,CWE-190,linux,"P-2;
P-9;", ethtool_get_rxnfc,"[""info"", ""rule_cnt""]",ethtool_get_rxnfc,350,"[""rule_buf= kmalloc(info.rule_cnt * sizeof (u32),;""]","T-1;
T-4;",ethtool_get_rxnfc,No,None,1
CVE-2010-2959,5b75c4973ce779520b9d1e392483207d6f842cde,CWE-190,linux,"P-6;
P-9;
P-11;","bcm_proc_show
bcm_send_to_user
bcm_rx_update_and_send
bcm_rx_timeout_handler
bcm_rx_thr_flush
bcm_tx_setup
bcm_rx_setup","[""msg_head"", ""nframes""]",bcm_tx_setup,289,"[""skb= alloc_skb(sizeof (* head) + datalen, gfp_any());""]","T-1;
T-4;",bcm_tx_setup,No,None,1
CVE-2010-4157,f63ae56e4e97fb12053590e41a4fa59e7daa74a4,CWE-190,linux,P-9;,ioc_general,"[""gen"", ""data_len"", ""sense_len""]",ioc_general,4181,"[""if (!(buf= gdth_ ioctl_alloc(ha, gen.data_len + gen.sense_len, FALSE, & paddr)));""]","T-1;
T-4;",ioc_general,No,None,1
CVE-2010-4649,7182afea8d1afd432a17c18162cc3fd441d0da93,CWE-190,linux,"P-2;
P-3;
P-6;
P-10;
P-11;","copy_wc_to_user
ib_uverbs_poll_cq","[""cmd"", ""ne""]",ib_uverbs_poll_cq,911,"[""wc= kmalloc(cmd.ne * sizeof * wc, GFP_K ERNEL);""]","T-1;
T-4;",ib_uverbs_poll_cq,No,None,1
CVE-2011-1593,c78193e9c7bcbf25b8237ad0dec82f805c4ea69b,CWE-190,linux,"P-9;
P-11;",next_pidmap,"[""last""]",next_pidmap,"[225, 226]","[""offset= (last + 1) & BITS_PER_PAGE_MASK;"", ""map= & pid_ns->pidmap[(last + 1) / BITS_PER_PAGE];""]","T-2;
T-4;",next_pidmap,No,None,1
CVE-2011-3346,7285477ab11831b1cf56e45878a89170dd06d9b9,CWE-119,qemu,"P-2;
P-5;
P-9;
P-10;
P-11;","SCSIDiskReq
scsi_handle_rw_error
scsi_free_request
scsi_cancel_io
scsi_init_iovec
scsi_dma_restart_bh
scsi_disk_emulate_start_stop
scsi_disk_emulate_command
scsi_send_command
scsi_new_request","[""r，s""]",scsi_disk_emulate_inquiry,"[377, 420, 709]","[""outbuf[buflen ++]= 5;"", ""memcpy(outbuf + buflen, s->serial, l);"", ""memset(outbuf, 0, r->req.cmd.xfer);""]","T-1;
T-2;","scsi_disk_emulate_command
scsi_disk_emulate_inquiry",Yes,caller type,2
